TransectID,lat,long,hazard_rank,pop_density,pop_rank,sensitivity_rank,CRI,CRI_Class
18,21.8493325508,90.2563650872,2,1.0,3,2.25,2.381101577952299,Moderate
19,21.84229207,90.2535561796,5,0.0,1,3.75,2.6566464229565274,Moderate
20,21.8489297801,90.2562797076,4,0.0,1,3.0,2.2894284851066637,Low
21,21.8513813717,90.2568953839,2,1.0,3,2.25,2.381101577952299,Moderate
22,21.8512431758,90.2567917376,3,1.0,3,2.5,2.823108086643085,Moderate
23,21.851036586,90.2568664731,3,1.0,3,2.5,2.823108086643085,Moderate
24,21.8508396731,90.2569037305,2,1.0,3,2.0,2.2894284851066637,Low
25,21.8506504257,90.2569113005,2,1.0,3,2.25,2.381101577952299,Moderate
26,21.8504748801,90.256865807,1,1.0,3,1.75,1.7380133224432248,Low
27,21.8503027376,90.2568154234,1,1.0,3,1.75,1.7380133224432248,Low
28,21.8502563881,90.2568018576,1,1.0,3,1.75,1.7380133224432248,Low
29,21.8504108678,90.2568470715,1,1.0,3,1.75,1.7380133224432248,Low
30,21.8506580214,90.2569109964,2,1.0,3,2.25,2.381101577952299,Moderate
31,21.8507256686,90.2569082905,2,1.0,3,2.25,2.381101577952299,Moderate
32,21.8505038043,90.2568742726,2,1.0,3,2.25,2.381101577952299,Moderate
33,21.8488580614,90.2562613612,2,0.0,1,2.25,1.6509636244473134,Low
34,21.8468082529,90.2545205183,5,0.0,1,3.25,2.532898509550443,Moderate
35,21.8458011539,90.2538583922,5,0.0,1,3.5,2.5962470509255517,Moderate
36,21.8458753834,90.253865103,5,0.0,1,3.5,2.5962470509255517,Moderate
37,21.8456808872,90.2538165603,4,0.0,1,3.0,2.2894284851066637,Low
38,21.8455297247,90.2537639818,4,0.0,1,3.0,2.2894284851066637,Low
39,21.8457387983,90.2538367034,4,0.0,1,3.0,2.2894284851066637,Low
40,21.846305984,90.2541101578,5,0.0,1,3.5,2.5962470509255517,Moderate
41,21.8469212243,90.2545608658,4,0.0,1,2.75,2.2239800905693152,Low
42,21.8472049991,90.2548054123,3,0.0,1,2.5,1.9574338205844317,Low
43,21.8471954595,90.2547942136,3,0.0,1,2.5,1.9574338205844317,Low
44,21.8470347362,90.2546055392,3,0.0,1,2.5,1.9574338205844317,Low
45,21.846860122,90.2545390431,4,0.0,1,2.75,2.2239800905693152,Low
46,21.8466850843,90.2544765295,4,0.0,1,2.75,2.2239800905693152,Low
47,21.8465100464,90.2544140157,4,0.0,1,2.75,2.2239800905693152,Low
48,21.8463518364,90.2541931291,4,0.0,1,3.0,2.2894284851066637,Low
49,21.8461994552,90.253917392,4,0.0,1,3.0,2.2894284851066637,Low
50,21.8460222165,90.2538755906,4,0.0,1,2.75,2.2239800905693152,Low
51,21.8458419051,90.2538627117,4,0.0,1,3.0,2.2894284851066637,Low
52,21.8456656895,90.2538112743,4,0.0,1,3.0,2.2894284851066637,Low
53,21.8454930963,90.2537520277,4,0.0,1,3.0,2.2894284851066637,Low
54,21.8455224726,90.2537614595,4,0.0,1,3.0,2.2894284851066637,Low
55,21.8458753409,90.2538650999,4,0.0,1,3.0,2.2894284851066637,Low
56,21.8464013602,90.2542827432,5,0.0,1,3.25,2.532898509550443,Moderate
57,21.8469565156,90.2545734696,5,0.0,1,3.25,2.532898509550443,Moderate
58,21.8472531752,90.254861967,2,0.0,1,2.0,1.5874010519681994,Very Low
59,21.8473023924,90.2549197438,3,0.0,1,2.5,1.9574338205844317,Low
60,21.847187825,90.2547852515,4,0.0,1,3.0,2.2894284851066637,Low
61,21.8470638088,90.2546396674,4,0.0,1,3.0,2.2894284851066637,Low
62,21.8469990058,90.2545886449,5,0.0,1,3.5,2.5962470509255517,Moderate
63,21.8470957653,90.2546771816,5,0.0,1,3.5,2.5962470509255517,Moderate
64,21.8471785449,90.2547743573,5,0.0,1,3.5,2.5962470509255517,Moderate
65,21.847127031,90.2547138845,5,0.0,1,3.5,2.5962470509255517,Moderate
66,21.8469913928,90.2545859257,5,0.0,1,3.5,2.5962470509255517,Moderate
67,21.8468011695,90.2545179887,5,0.0,1,3.75,2.6566464229565274,Moderate
68,21.846610946,90.2544500513,5,0.0,1,3.75,2.6566464229565274,Moderate
69,21.8463433456,90.2541777643,5,0.0,1,4.0,2.7144176165949063,Moderate
70,21.8457320293,90.2538343489,5,0.0,1,3.5,2.5962470509255517,Moderate
71,21.8450401957,90.253667553,4,0.0,1,3.25,2.3513346877207573,Moderate
72,21.8448067325,90.25358973190001,4,0.0,1,3.25,2.3513346877207573,Moderate
73,21.8446539439,90.2534867581,4,0.0,1,3.25,2.3513346877207573,Moderate
74,21.8445075023,90.2533728588,4,0.0,1,3.25,2.3513346877207573,Moderate
75,21.844361061,90.2532589603,5,0.0,1,3.5,2.5962470509255517,Moderate
76,21.8442125961,90.2531488403,5,1.0,3,3.5,3.7444361936092534,High
77,21.844188836,90.2531320685,5,1.0,3,3.5,3.7444361936092534,High
78,21.844400931,90.2532899703,5,0.0,1,3.5,2.5962470509255517,Moderate
79,21.8448279632,90.253596809,4,0.0,1,3.25,2.3513346877207573,Moderate
80,21.8455279615,90.2537633691,5,0.0,1,3.5,2.5962470509255517,Moderate
81,21.8461949211,90.2539091872,5,0.0,1,4.0,2.7144176165949063,Moderate
82,21.8462818729,90.2540665279,5,0.0,1,4.0,2.7144176165949063,Moderate
83,21.8462146175,90.2539448284,5,0.0,1,4.0,2.7144176165949063,Moderate
84,21.8459530989,90.2538706538,5,0.0,1,3.75,2.6566464229565274,Moderate
85,21.8456649649,90.2538110222,5,0.0,1,3.5,2.5962470509255517,Moderate
86,21.8451788778,90.2537054769,4,0.0,1,3.25,2.3513346877207573,Moderate
87,21.8444649374,90.2533397532,4,0.0,1,3.0,2.2894284851066637,Low
88,21.8439120042,90.2529366578,4,1.0,3,3.0,3.3019272488946263,High
89,21.8436190297,90.2527996413,4,0.0,1,3.0,2.2894284851066637,Low
90,21.8434208186,90.2527253127,4,0.0,1,3.0,2.2894284851066637,Low
91,21.8422090176,90.2535610912,1,0.0,1,1.75,1.205071132087615,Very Low
92,21.8419934891,90.2535023105,1,0.0,1,1.75,1.205071132087615,Very Low
93,21.8416876954,90.253418912,1,0.0,1,1.25,1.077217345015942,Very Low
94,21.8412783063,90.2532945945,1,1.0,3,2.0,1.8171205928321397,Low
95,21.8409322845,90.2531367507,1,1.0,3,1.25,1.5536162529769293,Very Low
96,21.8407659245,90.2530179219,1,1.0,3,1.25,1.5536162529769293,Very Low
97,21.8406066962,90.2529041876,1,1.0,3,1.25,1.5536162529769293,Very Low
98,21.8404405535,90.2527909756,1,1.0,3,1.25,1.5536162529769293,Very Low
99,21.8402708112,90.2526865185,1,1.0,3,1.25,1.5536162529769293,Very Low
100,21.8401120321,90.2525888086,1,1.0,3,1.5,1.6509636244473134,Low
101,21.8399532528,90.2524910983,1,1.0,3,1.25,1.5536162529769293,Very Low
102,21.8397941582,90.2523937991,1,1.0,3,1.25,1.5536162529769293,Very Low
103,21.8396125498,90.2523256961,1,1.0,3,1.25,1.5536162529769293,Very Low
104,21.8394563514,90.2522246379,1,1.0,3,1.25,1.5536162529769293,Very Low
105,21.8392972549,90.2521109972,1,1.0,3,1.5,1.6509636244473134,Low
106,21.8391274922,90.2519897382,1,1.0,3,1.25,1.5536162529769293,Very Low
107,21.8389248841,90.2518450189,1,1.0,3,1.25,1.5536162529769293,Very Low
108,21.8387371039,90.2516603007,1,1.0,3,1.25,1.5536162529769293,Very Low
109,21.8385703112,90.2514490291,1,1.0,3,1.25,1.5536162529769293,Very Low
110,21.8384488361,90.2512951606,1,1.0,3,1.25,1.5536162529769293,Very Low
111,21.8383066189,90.2511749552,1,1.0,3,1.75,1.7380133224432248,Low
112,21.838159434,90.2510628142,1,1.0,3,1.75,1.7380133224432248,Low
113,21.8380122479,90.2509506726,1,1.0,3,1.75,1.7380133224432248,Low
114,21.8378650621,90.2508385319,1,1.0,3,1.5,1.6509636244473134,Low
115,21.8376983161,90.2507723506,1,1.0,3,1.25,1.5536162529769293,Very Low
116,21.8375683224,90.2507220302,1,1.0,3,1.25,1.5536162529769293,Very Low
117,21.8374393507,90.2506721054,1,1.0,3,1.25,1.5536162529769293,Very Low
118,21.8372811736,90.2506108755,1,1.0,3,1.25,1.5536162529769293,Very Low
119,21.8368933874,90.2504512352,1,1.0,3,1.25,1.5536162529769293,Very Low
120,21.836461118,90.2502531119,1,1.0,3,1.25,1.5536162529769293,Very Low
121,21.8360862432,90.2501323194,1,1.0,3,1.5,1.6509636244473134,Low
122,21.8359117477,90.2500824633,1,1.0,3,1.5,1.6509636244473134,Low
123,21.8357365061,90.2500352757,1,1.0,3,1.5,1.6509636244473134,Low
124,21.8355603812,90.2499912443,1,1.0,3,1.5,1.6509636244473134,Low
125,21.8353752682,90.2499793644,1,1.0,3,1.5,1.6509636244473134,Low
126,21.835222512,90.2499852397,1,1.0,3,1.5,1.6509636244473134,Low
127,21.8351768851,90.2499869946,1,1.0,3,1.5,1.6509636244473134,Low
128,21.8352410681,90.249984526,1,1.0,3,1.5,1.6509636244473134,Low
129,21.8353297174,90.2499811163,1,1.0,3,1.5,1.6509636244473134,Low
130,21.8353058142,90.2499820357,1,1.0,3,1.5,1.6509636244473134,Low
131,21.8351300691,90.2499887952,1,1.0,3,1.5,1.6509636244473134,Low
132,21.8347521647,90.2499947466,2,1.0,3,2.25,2.381101577952299,Moderate
133,21.8343120957,90.2499243356,2,1.0,3,2.25,2.381101577952299,Moderate
134,21.8339300735,90.249812795,2,1.0,3,2.25,2.381101577952299,Moderate
135,21.8336543824,90.2496967145,2,1.0,3,2.25,2.381101577952299,Moderate
136,21.8332818446,90.2496101552,2,1.0,3,2.25,2.381101577952299,Moderate
137,21.8324344814,90.2494613569,5,1.0,3,4.25,3.994784870227006,High
138,21.8311944878,90.2491087661,3,1.0,3,2.5,2.823108086643085,Moderate
139,21.8309519412,90.2490638503,2,1.0,3,2.5,2.46621207433047,Moderate
140,21.8311850936,90.2491070266,5,1.0,3,4.0,3.9148676411688634,High
141,21.8313685467,90.2491409994,5,1.0,3,4.5,4.07162642489236,High
142,21.831522451,90.249172583,4,1.0,3,3.25,3.3912114430141664,High
143,21.8316648287,90.2492580096,4,1.0,3,3.25,3.3912114430141664,High
144,21.8317786717,90.2493263154,4,1.0,3,3.25,3.3912114430141664,High
145,21.8318077188,90.2493354085,3,1.0,3,2.75,2.914238341625728,Moderate
146,21.8316652359,90.2492582539,3,1.0,3,2.75,2.914238341625728,Moderate
147,21.8313606366,90.2491395345,5,1.0,3,4.5,4.07162642489236,High
148,21.8310380825,90.2490798024,4,1.0,3,3.5,3.4760266448864496,High
149,21.8308543228,90.2490457729,4,1.0,3,3.5,3.4760266448864496,High
150,21.8306793673,90.2489834193,4,1.0,3,3.5,3.4760266448864496,High
151,21.8305109241,90.2489062159,5,1.0,3,3.75,3.8315471619677655,High
152,21.8303426592,90.2488290944,5,1.0,3,3.75,3.8315471619677655,High
153,21.8301608429,90.248745762,5,1.0,3,3.75,3.8315471619677655,High
154,21.8299784305,90.2486277233,5,1.0,3,3.75,3.8315471619677655,High
155,21.8297959608,90.2485060765,5,1.0,3,3.75,3.8315471619677655,High
156,21.8296134907,90.2483844298,5,1.0,3,3.75,3.8315471619677655,High
157,21.8294310206,90.2482627834,4,1.0,3,3.5,3.4760266448864496,High
158,21.829256223,90.2481462523,5,1.0,3,4.0,3.9148676411688634,High
159,21.8292138991,90.2481180367,5,1.0,3,4.0,3.9148676411688634,High
160,21.8293365982,90.2481998355,5,1.0,3,4.0,3.9148676411688634,High
161,21.8294593141,90.2482816457,4,1.0,3,3.5,3.4760266448864496,High
162,21.8294298421,90.2482619978,4,1.0,3,3.5,3.4760266448864496,High
163,21.8292818287,90.2481633227,5,1.0,3,4.0,3.9148676411688634,High
164,21.8291869592,90.2481000768,5,1.0,3,4.5,4.07162642489236,High
165,21.8291185036,90.248052781,5,1.0,3,4.5,4.07162642489236,High
166,21.8290290721,90.2479905672,5,1.0,3,4.5,4.07162642489236,High
167,21.8288752529,90.2478835619,5,1.0,3,4.5,4.07162642489236,High
168,21.8286469744,90.2477247589,5,1.0,3,4.5,4.07162642489236,High
169,21.8283346493,90.2475074894,5,1.0,3,4.5,4.07162642489236,High
170,21.828012006,90.2472830431,5,1.0,3,4.5,4.07162642489236,High
171,21.8278503565,90.2471576309,5,1.0,3,4.5,4.07162642489236,High
172,21.8277189683,90.2470469875,5,1.0,3,4.5,4.07162642489236,High
173,21.8277432094,90.2470674013,5,1.0,3,4.5,4.07162642489236,High
174,21.8279290127,90.2472238682,5,1.0,3,4.5,4.07162642489236,High
175,21.8281873568,90.2474050255,5,1.0,3,4.5,4.07162642489236,High
176,21.8284427942,90.2475827204,5,1.0,3,4.5,4.07162642489236,High
177,21.8287041251,90.247764516,5,1.0,3,4.5,4.07162642489236,High
178,21.828911368,90.2479086856,5,1.0,3,4.0,3.9148676411688634,High
179,21.8289497349,90.2479353757,5,1.0,3,4.0,3.9148676411688634,High
180,21.8288198161,90.247844997,5,1.0,3,4.0,3.9148676411688634,High
181,21.8286554568,90.2477306597,5,1.0,3,4.5,4.07162642489236,High
182,21.8284910974,90.2476163226,5,1.0,3,4.5,4.07162642489236,High
183,21.8283267374,90.2475019855,5,1.0,3,4.5,4.07162642489236,High
184,21.8281713181,90.2473938681,5,1.0,3,4.5,4.07162642489236,High
185,21.8280264881,90.2472931175,5,1.0,3,4.5,4.07162642489236,High
186,21.827886298,90.2471878977,5,1.0,3,4.5,4.07162642489236,High
187,21.8277375305,90.247062619,5,1.0,3,4.5,4.07162642489236,High
188,21.8275877398,90.2469364789,5,1.0,3,4.5,4.07162642489236,High
189,21.8274379497,90.2468103397,5,1.0,3,4.5,4.07162642489236,High
190,21.8272881587,90.2466842001,5,1.0,3,4.5,4.07162642489236,High
191,21.827113924,90.2465374767,5,1.0,3,4.5,4.07162642489236,High
192,21.8269309548,90.2463833985,5,1.0,3,4.5,4.07162642489236,High
193,21.8267707582,90.2462253899,5,2.0,3,4.5,4.07162642489236,High
194,21.8266359714,90.2460906019,5,2.0,3,4.5,4.07162642489236,High
195,21.8265011846,90.2459558144,5,2.0,3,4.5,4.07162642489236,High
196,21.8263663978,90.245821027,5,2.0,3,4.5,4.07162642489236,High
197,21.8262312462,90.2456858753,5,2.0,3,4.5,4.07162642489236,High
198,21.82609552,90.2455501492,5,2.0,3,4.5,4.07162642489236,High
199,21.8259598207,90.2454144505,5,2.0,3,4.5,4.07162642489236,High
200,21.8258249557,90.2452795864,5,2.0,3,4.5,4.07162642489236,High
201,21.8256902019,90.2451448338,5,2.0,3,4.5,4.07162642489236,High
202,21.8255686166,90.2450001185,5,2.0,3,4.5,4.07162642489236,High
203,21.8254588583,90.2448464555,5,1.0,3,4.5,4.07162642489236,High
204,21.8253491,90.2446927929,5,1.0,3,4.5,4.07162642489236,High
205,21.8252092519,90.2444970047,5,1.0,3,4.5,4.07162642489236,High
206,21.8250540861,90.2442797726,5,1.0,3,4.5,4.07162642489236,High
207,21.8249060809,90.244072566,5,1.0,3,4.5,4.07162642489236,High
208,21.8247963258,90.24391891,5,1.0,3,4.5,4.07162642489236,High
209,21.8246865704,90.2437652538,5,1.0,3,4.5,4.07162642489236,High
210,21.824576815,90.2436115981,5,1.0,3,4.5,4.07162642489236,High
211,21.8244637213,90.2434608945,5,1.0,3,4.5,4.07162642489236,High
212,21.8243495953,90.2433111031,5,1.0,3,4.5,4.07162642489236,High
213,21.8242401346,90.2431674352,5,1.0,3,4.5,4.07162642489236,High
214,21.8241671482,90.2430716404,5,1.0,3,4.5,4.07162642489236,High
215,21.8240977733,90.2429805857,5,1.0,3,4.5,4.07162642489236,High
216,21.8240048072,90.2428585678,5,1.0,3,4.5,4.07162642489236,High
217,21.8238904461,90.2427084693,5,1.0,3,4.5,4.07162642489236,High
218,21.8237760847,90.242558371,5,1.0,3,4.5,4.07162642489236,High
219,21.823663648,90.2424068009,5,1.0,3,4.5,4.07162642489236,High
220,21.8235569439,90.2422508477,5,1.0,3,4.5,4.07162642489236,High
221,21.8234310022,90.2420667785,5,1.0,3,4.5,4.07162642489236,High
222,21.8232985544,90.2418732009,5,1.0,3,4.5,4.07162642489236,High
223,21.8231723831,90.2416887972,5,1.0,3,4.5,4.07162642489236,High
224,21.8230159363,90.2414601457,5,1.0,3,4.5,4.07162642489236,High
225,21.8227676769,90.2410514183,5,3.0,4,4.0,4.308869380063767,Very High
226,21.8225086083,90.2406196385,5,3.0,4,4.0,4.308869380063767,Very High
227,21.8230890587,90.2393727592,4,4.0,4,3.0,3.634241185664279,High
228,21.8228818135,90.2393468533,4,4.0,4,3.0,3.634241185664279,High
229,21.8227456054,90.2393298272,4,4.0,4,3.0,3.634241185664279,High
230,21.8227609102,90.2393317403,4,4.0,4,3.0,3.634241185664279,High
231,21.8227774452,90.2393338072,4,4.0,4,3.0,3.634241185664279,High
232,21.8225568866,90.2394022089,5,4.0,4,3.5,4.121285299808556,Very High
233,21.821861658,90.2395958221,5,4.0,4,4.0,4.308869380063767,Very High
234,21.8214041734,90.2394206594,5,3.0,4,4.0,4.308869380063767,Very High
235,21.8210419699,90.2392143557,5,3.0,4,4.5,4.481404746557164,Very High
236,21.8209034748,90.2390931714,5,3.0,4,4.5,4.481404746557164,Very High
237,21.8208481337,90.2390447476,5,3.0,4,4.5,4.481404746557164,Very High
238,21.8209123665,90.2391009518,5,3.0,4,4.5,4.481404746557164,Very High
239,21.8210652009,90.239234683,5,3.0,4,4.0,4.308869380063767,Very High
240,21.8211878146,90.2393124802,5,3.0,4,4.0,4.308869380063767,Very High
241,21.8211682462,90.239302696,5,3.0,4,4.0,4.308869380063767,Very High
242,21.820771022,90.2389772745,5,3.0,4,4.0,4.308869380063767,Very High
243,21.8202973289,90.2385627924,5,3.0,4,4.5,4.481404746557164,Very High
244,21.8199086851,90.2382227311,5,2.0,3,4.5,4.07162642489236,High
245,21.8197713097,90.2380946582,5,2.0,3,4.5,4.07162642489236,High
246,21.8196408784,90.2379587909,5,2.0,3,4.5,4.07162642489236,High
247,21.81958102,90.2378964378,5,2.0,3,4.5,4.07162642489236,High
248,21.8196304572,90.2379479353,5,2.0,3,4.5,4.07162642489236,High
249,21.8197640625,90.2380871089,5,2.0,3,4.5,4.07162642489236,High
250,21.8199156652,90.2382288387,5,2.0,3,4.5,4.07162642489236,High
251,21.8200850049,90.2383770097,5,2.0,3,4.5,4.07162642489236,High
252,21.8202758226,90.2385439745,5,3.0,4,4.5,4.481404746557164,Very High
253,21.8205009774,90.2387409847,5,3.0,4,4.5,4.481404746557164,Very High
254,21.8207815517,90.238986488,5,3.0,4,4.5,4.481404746557164,Very High
255,21.8211968491,90.2393169974,5,3.0,4,4.5,4.481404746557164,Very High
256,21.8227543148,90.2399082375,5,4.0,4,4.5,4.481404746557164,Very High
257,21.8206969255,90.2389124397,5,3.0,4,4.5,4.481404746557164,Very High
258,21.8195007227,90.2378127943,5,2.0,3,4.5,4.07162642489236,High
259,21.8187817497,90.2370638646,5,3.0,4,4.5,4.481404746557164,Very High
260,21.8185794083,90.2368530943,5,3.0,4,4.5,4.481404746557164,Very High
261,21.8184196284,90.236707405,5,3.0,4,4.5,4.481404746557164,Very High
262,21.8182763547,90.2365856216,5,3.0,4,4.5,4.481404746557164,Very High
263,21.8181258198,90.2364576665,5,3.0,4,4.5,4.481404746557164,Very High
264,21.8178994255,90.2362652312,5,3.0,4,4.5,4.481404746557164,Very High
265,21.817675791,90.2360751426,5,2.0,3,4.5,4.07162642489236,High
266,21.8175006137,90.2359262428,5,2.0,3,4.5,4.07162642489236,High
267,21.8173737258,90.2357869415,5,2.0,3,4.5,4.07162642489236,High
268,21.8172543611,90.2356377343,5,2.0,3,4.5,4.07162642489236,High
269,21.8171505691,90.2355079936,5,2.0,3,4.5,4.07162642489236,High
270,21.8170960682,90.2354398671,5,2.0,3,4.5,4.07162642489236,High
271,21.817045548,90.2353767167,5,2.0,3,4.5,4.07162642489236,High
272,21.8169524724,90.2352603721,5,3.0,4,4.5,4.481404746557164,Very High
273,21.8168349507,90.2351134701,5,3.0,4,4.5,4.481404746557164,Very High
274,21.816717429,90.2349665685,5,3.0,4,4.5,4.481404746557164,Very High
275,21.8165999071,90.2348196669,5,3.0,4,4.5,4.481404746557164,Very High
276,21.8164823851,90.2346727656,5,3.0,4,4.5,4.481404746557164,Very High
277,21.8163640052,90.2345267115,5,3.0,4,4.5,4.481404746557164,Very High
278,21.8162447022,90.234395477,5,3.0,4,4.5,4.481404746557164,Very High
279,21.8161374703,90.2342775211,5,3.0,4,4.5,4.481404746557164,Very High
280,21.8160300887,90.2341594008,5,3.0,4,4.5,4.481404746557164,Very High
281,21.8159066281,90.2340235937,5,3.0,4,4.5,4.481404746557164,Very High
282,21.8157909344,90.2338963307,5,3.0,4,4.5,4.481404746557164,Very High
283,21.8157362686,90.2338361984,5,3.0,4,4.5,4.481404746557164,Very High
284,21.8157117459,90.2338092236,5,3.0,4,4.5,4.481404746557164,Very High
285,21.8156476356,90.2337387024,5,3.0,4,4.5,4.481404746557164,Very High
286,21.8155240922,90.2336028054,5,3.0,4,4.5,4.481404746557164,Very High
287,21.8153583032,90.2334204389,5,3.0,4,4.5,4.481404746557164,Very High
288,21.8151819662,90.2332020891,5,3.0,4,4.5,4.481404746557164,Very High
289,21.8150164795,90.2329862348,5,3.0,4,4.0,4.308869380063767,Very High
290,21.8148946771,90.2328273609,5,3.0,4,4.0,4.308869380063767,Very High
291,21.814718331,90.2325973436,5,3.0,4,4.0,4.308869380063767,Very High
292,21.8145416877,90.2323669394,5,3.0,4,4.0,4.308869380063767,Very High
293,21.8144024379,90.2321853101,5,3.0,4,4.0,4.308869380063767,Very High
294,21.8142872947,90.2320351243,5,3.0,4,4.0,4.308869380063767,Very High
295,21.8141721515,90.231884939,5,3.0,4,4.0,4.308869380063767,Very High
296,21.8140570563,90.2317347016,5,3.0,4,4.0,4.308869380063767,Very High
297,21.8139454481,90.231587378,5,3.0,4,4.0,4.308869380063767,Very High
298,21.8138340628,90.2314403491,5,2.0,3,4.0,3.9148676411688634,High
299,21.8137214011,90.2312916355,5,2.0,3,4.0,3.9148676411688634,High
300,21.8136070903,90.2311407457,5,2.0,3,3.5,3.7444361936092534,High
301,21.8134927796,90.2309898563,5,2.0,3,3.5,3.7444361936092534,High
302,21.8133816548,90.2308418628,5,2.0,3,3.5,3.7444361936092534,High
303,21.8132799605,90.2306949704,5,2.0,3,3.5,3.7444361936092534,High
304,21.813178439,90.2305483279,5,2.0,3,3.5,3.7444361936092534,High
305,21.8130709564,90.2303930754,5,1.0,3,3.5,3.7444361936092534,High
306,21.8129625484,90.2302364866,5,1.0,3,3.5,3.7444361936092534,High
307,21.8128509298,90.2300832115,5,1.0,3,3.5,3.7444361936092534,High
308,21.812746117,90.2299463713,5,1.0,3,3.5,3.7444361936092534,High
309,21.8126855211,90.2298672594,5,1.0,3,3.5,3.7444361936092534,High
310,21.8126319974,90.2297973808,5,1.0,3,3.5,3.7444361936092534,High
311,21.8125450963,90.229683926,5,1.0,3,3.5,3.7444361936092534,High
312,21.812430506,90.2295343217,5,1.0,3,3.5,3.7444361936092534,High
313,21.8123159157,90.2293847177,5,1.0,3,3.5,3.7444361936092534,High
314,21.8122013254,90.2292351141,5,1.0,3,3.5,3.7444361936092534,High
315,21.8120867346,90.2290855104,4,1.0,3,3.0,3.3019272488946263,High
316,21.8119847172,90.228952322,4,1.0,3,3.0,3.3019272488946263,High
317,21.8119078585,90.2288456901,4,1.0,3,3.0,3.3019272488946263,High
318,21.8118329975,90.2287333981,4,1.0,3,3.0,3.3019272488946263,High
319,21.8117340937,90.228585042,4,1.0,3,3.0,3.3019272488946263,High
320,21.8116290827,90.2284275254,4,1.0,3,3.0,3.3019272488946263,High
321,21.8115240713,90.2282700087,4,1.0,3,3.0,3.3019272488946263,High
322,21.8114064853,90.2280936307,4,1.0,3,3.0,3.3019272488946263,High
323,21.8112248044,90.2278181902,4,1.0,3,3.0,3.3019272488946263,High
324,21.811043982,90.227539421,4,1.0,3,3.0,3.3019272488946263,High
325,21.8109132473,90.2273378716,4,1.0,3,3.0,3.3019272488946263,High
326,21.8108113326,90.2271807535,4,1.0,3,3.0,3.3019272488946263,High
327,21.810753549,90.2270916708,4,1.0,3,3.0,3.3019272488946263,High
328,21.8107515203,90.2270885433,4,1.0,3,3.0,3.3019272488946263,High
329,21.8107427331,90.2270749964,4,1.0,3,3.0,3.3019272488946263,High
330,21.81067543,90.226971238,4,1.0,3,3.0,3.3019272488946263,High
331,21.8105757272,90.2268100588,4,1.0,3,3.0,3.3019272488946263,High
332,21.8104572508,90.2266154185,2,1.0,3,2.5,2.46621207433047,Moderate
333,21.81018526,90.2261664841,2,1.0,3,2.5,2.46621207433047,Moderate
334,21.8099057348,90.2257006076,2,1.0,3,2.5,2.46621207433047,Moderate
335,21.8097311028,90.2254095555,4,1.0,3,3.0,3.3019272488946263,High
336,21.8096300234,90.2252410912,4,1.0,3,3.0,3.3019272488946263,High
337,21.809501613,90.2251260368,4,1.0,3,3.0,3.3019272488946263,High
338,21.8094508238,90.2250812227,4,1.0,3,3.0,3.3019272488946263,High
339,21.8094915842,90.2251171878,4,1.0,3,3.0,3.3019272488946263,High
340,21.8094676558,90.2250960746,2,1.0,3,2.5,2.46621207433047,Moderate
341,21.8090018449,90.2245687208,4,1.0,3,3.0,3.3019272488946263,High
342,21.8080206819,90.2249606281,5,1.0,3,4.5,4.07162642489236,High
343,21.8077375907,90.22492771,5,1.0,3,4.5,4.07162642489236,High
344,21.8075661864,90.224868605,5,1.0,3,4.5,4.07162642489236,High
345,21.8073943631,90.2248093556,5,1.0,3,4.5,4.07162642489236,High
346,21.8072474401,90.2247586927,5,1.0,3,4.5,4.07162642489236,High
347,21.8071685247,90.2247314806,5,1.0,3,4.5,4.07162642489236,High
348,21.8071540497,90.2247264891,5,1.0,3,4.5,4.07162642489236,High
349,21.8071540504,90.2247264896,5,1.0,3,4.5,4.07162642489236,High
350,21.807145789,90.2247158187,5,1.0,3,4.5,4.07162642489236,High
351,21.807095191,90.2246504625,5,1.0,3,4.5,4.07162642489236,High
352,21.806998707,90.2245258366,5,1.0,3,4.5,4.07162642489236,High
353,21.8068834981,90.2243770246,5,1.0,3,4.5,4.07162642489236,High
354,21.8067682893,90.2242282131,5,1.0,3,4.5,4.07162642489236,High
355,21.8066530803,90.2240794016,5,1.0,3,4.5,4.07162642489236,High
356,21.8065607684,90.223960166,5,1.0,3,4.5,4.07162642489236,High
357,21.8065071397,90.2238898652,5,1.0,3,4.5,4.07162642489236,High
358,21.8064648515,90.2238077758,5,1.0,3,4.5,4.07162642489236,High
359,21.8063922136,90.2236667723,5,1.0,3,4.5,4.07162642489236,High
360,21.8063050216,90.223497517,5,1.0,3,4.5,4.07162642489236,High
361,21.8062178295,90.2233282619,5,1.0,3,4.5,4.07162642489236,High
362,21.8061325127,90.2231626477,5,1.0,3,4.5,4.07162642489236,High
363,21.8060537153,90.223009689,5,1.0,3,4.5,4.07162642489236,High
364,21.805979418,90.2228541703,5,1.0,3,4.5,4.07162642489236,High
365,21.8058995269,90.222686591,5,1.0,3,4.5,4.07162642489236,High
366,21.8058174505,90.2225144283,5,1.0,3,4.5,4.07162642489236,High
367,21.8057353738,90.2223422656,5,1.0,3,4.5,4.07162642489236,High
368,21.8056532971,90.2221701033,5,1.0,3,4.5,4.07162642489236,High
369,21.8055712201,90.2219979411,5,1.0,3,4.5,4.07162642489236,High
370,21.8054891431,90.2218257792,5,1.0,3,4.5,4.07162642489236,High
371,21.8054070658,90.2216536174,5,1.0,3,4.5,4.07162642489236,High
372,21.8053249885,90.221481456,5,1.0,3,4.5,4.07162642489236,High
373,21.8052429109,90.2213092948,5,1.0,3,4.5,4.07162642489236,High
374,21.8051608331,90.2211371336,5,1.0,3,4.5,4.07162642489236,High
375,21.8050787552,90.2209649726,5,1.0,3,4.5,4.07162642489236,High
376,21.8050040772,90.2208083336,5,1.0,3,4.5,4.07162642489236,High
377,21.804957898,90.2207114718,5,1.0,3,4.5,4.07162642489236,High
378,21.8049282684,90.2206212817,5,1.0,3,4.5,4.07162642489236,High
379,21.8048875469,90.2204812995,5,1.0,3,4.5,4.07162642489236,High
380,21.8048339757,90.2202971468,5,1.0,3,4.5,4.07162642489236,High
381,21.8047802885,90.2201125959,5,1.0,3,4.5,4.07162642489236,High
382,21.8047266011,90.2199280452,5,1.0,3,4.5,4.07162642489236,High
383,21.8046729135,90.2197434944,5,1.0,3,4.5,4.07162642489236,High
384,21.8046192257,90.2195589439,5,1.0,3,4.5,4.07162642489236,High
385,21.8045677594,90.2193820306,5,1.0,3,4.5,4.07162642489236,High
386,21.8045279018,90.2192450225,5,1.0,3,4.5,4.07162642489236,High
387,21.8044992781,90.2191122625,5,1.0,3,4.5,4.07162642489236,High
388,21.8044679718,90.2189500361,5,1.0,3,4.5,4.07162642489236,High
389,21.8044314411,90.2187607382,5,1.0,3,4.5,4.07162642489236,High
390,21.8043949102,90.2185714404,5,1.0,3,4.5,4.07162642489236,High
391,21.804358379,90.2183821428,5,1.0,3,4.5,4.07162642489236,High
392,21.8043218477,90.2181928453,5,1.0,3,4.5,4.07162642489236,High
393,21.8042853161,90.2180035479,5,1.0,3,4.5,4.07162642489236,High
394,21.8042510746,90.2178261178,5,1.0,3,4.5,4.07162642489236,High
395,21.8042258147,90.217695229,5,1.0,3,4.5,4.07162642489236,High
396,21.8042127203,90.2175646209,5,1.0,3,4.5,4.07162642489236,High
397,21.8041975571,90.217395291,5,1.0,3,4.5,4.07162642489236,High
398,21.8041803266,90.2172028766,5,1.0,3,4.5,4.07162642489236,High
399,21.8041630958,90.2170104624,5,1.0,3,4.5,4.07162642489236,High
400,21.8041458648,90.2168180481,5,1.0,3,4.5,4.07162642489236,High
401,21.8041286336,90.2166256341,5,1.0,3,4.5,4.07162642489236,High
402,21.8041114021,90.21643322,5,1.0,3,4.5,4.07162642489236,High
403,21.8040941705,90.216240806,5,1.0,3,4.5,4.07162642489236,High
404,21.8040774361,90.2160539474,5,1.0,3,4.5,4.07162642489236,High
405,21.804063098,90.2158938475,5,1.0,3,4.25,3.994784870227006,High
406,21.8040564878,90.2157333939,5,1.0,3,4.0,3.9148676411688634,High
407,21.8040498023,90.2155511977,5,1.0,3,4.0,3.9148676411688634,High
408,21.8040427147,90.2153580502,5,1.0,3,4.0,3.9148676411688634,High
409,21.804035627,90.2151649027,5,1.0,3,4.0,3.9148676411688634,High
410,21.804028539,90.2149717555,5,1.0,3,4.0,3.9148676411688634,High
411,21.8040214507,90.2147786081,5,1.0,3,4.0,3.9148676411688634,High
412,21.8040145452,90.2145904439,5,1.0,3,4.0,3.9148676411688634,High
413,21.8040082919,90.2144200581,5,1.0,3,4.0,3.9148676411688634,High
414,21.8040080974,90.2142495431,5,1.0,3,4.0,3.9148676411688634,High
415,21.8040080974,90.2140626483,5,1.0,3,4.0,3.9148676411688634,High
416,21.8040080971,90.2138730323,5,1.0,3,4.0,3.9148676411688634,High
417,21.8040087005,90.2136864205,5,1.0,3,4.0,3.9148676411688634,High
418,21.8040107112,90.213499478,5,1.0,3,4.0,3.9148676411688634,High
419,21.8040127899,90.2133061944,5,1.0,3,4.0,3.9148676411688634,High
420,21.8040148684,90.2131129112,5,1.0,3,4.0,3.9148676411688634,High
421,21.8040169467,90.2129196276,5,1.0,3,4.0,3.9148676411688634,High
422,21.8040191756,90.2127123078,5,1.0,3,4.0,3.9148676411688634,High
423,21.8040205324,90.2124753269,5,1.0,3,4.0,3.9148676411688634,High
424,21.8040064115,90.2122387933,5,1.0,3,4.0,3.9148676411688634,High
425,21.8039924059,90.2120041974,5,1.0,3,4.0,3.9148676411688634,High
426,21.8039727777,90.2116754297,5,1.0,3,3.5,3.7444361936092534,High
427,21.8039302792,90.2113461003,5,1.0,3,4.0,3.9148676411688634,High
428,21.8038956382,90.2111193584,5,1.0,3,4.0,3.9148676411688634,High
429,21.8038720606,90.2109650329,5,1.0,3,4.0,3.9148676411688634,High
430,21.803861253,90.2108942925,5,1.0,3,4.0,3.9148676411688634,High
431,21.8038522308,90.2108352385,5,1.0,3,4.0,3.9148676411688634,High
432,21.8037890009,90.2105111965,5,1.0,3,4.0,3.9148676411688634,High
433,21.8036811575,90.2101190361,5,1.0,3,4.0,3.9148676411688634,High
434,21.8036225788,90.2099060225,5,1.0,3,4.0,3.9148676411688634,High
435,21.803589714,90.2097865149,5,1.0,3,4.0,3.9148676411688634,High
436,21.8035513253,90.2096469209,5,1.0,3,4.0,3.9148676411688634,High
437,21.803493023,90.2094668548,5,1.0,3,4.0,3.9148676411688634,High
438,21.8034240948,90.2092870416,5,1.0,3,4.0,3.9148676411688634,High
439,21.8033551663,90.2091072282,5,1.0,3,4.0,3.9148676411688634,High
440,21.8032862378,90.2089274152,5,1.0,3,4.0,3.9148676411688634,High
441,21.8032095331,90.2087262932,5,1.0,3,4.0,3.9148676411688634,High
442,21.8031292461,90.208501488,5,1.0,3,4.0,3.9148676411688634,High
443,21.8030487539,90.2082761095,5,1.0,3,4.0,3.9148676411688634,High
444,21.8029898293,90.2081111211,5,1.0,3,4.0,3.9148676411688634,High
445,21.8029532754,90.2080087706,5,1.0,3,4.0,3.9148676411688634,High
446,21.8029325326,90.2079156696,5,1.0,3,4.0,3.9148676411688634,High
447,21.802906056,90.2077726959,5,1.0,3,4.0,3.9148676411688634,High
448,21.8028706998,90.2075817731,5,1.0,3,4.0,3.9148676411688634,High
449,21.8028224042,90.2073209796,5,1.0,3,4.0,3.9148676411688634,High
450,21.8027507878,90.207066597,5,1.0,3,4.0,3.9148676411688634,High
451,21.8026837411,90.2068505572,5,1.0,3,4.0,3.9148676411688634,High
452,21.8026273121,90.206668731,5,1.0,3,4.0,3.9148676411688634,High
453,21.8025730724,90.2064939598,5,1.0,3,3.5,3.7444361936092534,High
454,21.8025212405,90.206318354,5,1.0,3,3.5,3.7444361936092534,High
455,21.8024678213,90.206136728,5,1.0,3,3.5,3.7444361936092534,High
456,21.8024135962,90.2059523625,5,1.0,3,3.5,3.7444361936092534,High
457,21.8023596175,90.2057688358,5,1.0,3,3.5,3.7444361936092534,High
458,21.8023074404,90.2055914352,4,1.0,3,3.0,3.3019272488946263,High
459,21.8022570821,90.2054134342,4,1.0,3,3.0,3.3019272488946263,High
460,21.8022057746,90.2052310063,2,1.0,3,2.5,2.46621207433047,Moderate
461,21.8021537207,90.2050459252,2,1.0,3,2.5,2.46621207433047,Moderate
462,21.8021027633,90.2048647439,2,1.0,3,2.5,2.46621207433047,Moderate
463,21.8020541762,90.2046907392,2,1.0,3,2.5,2.46621207433047,Moderate
464,21.8020085446,90.2045158168,2,1.0,3,2.5,2.46621207433047,Moderate
465,21.8019604229,90.2043313501,2,1.0,3,2.5,2.46621207433047,Moderate
466,21.8019206451,90.204178869,2,1.0,3,2.5,2.46621207433047,Moderate
467,21.8018962917,90.2040795123,2,1.0,3,2.5,2.46621207433047,Moderate
468,21.8018609907,90.2037441536,2,1.0,3,2.5,2.46621207433047,Moderate
469,21.8018104388,90.2033136098,2,1.0,3,2.5,2.46621207433047,Moderate
470,21.8017643866,90.2029451899,2,1.0,3,2.5,2.46621207433047,Moderate
471,21.8017479122,90.2028133958,2,1.0,3,2.75,2.545821684829744,Moderate
472,21.8017227311,90.2026119496,2,1.0,3,2.75,2.545821684829744,Moderate
473,21.8017091319,90.2024004936,2,1.0,3,2.75,2.545821684829744,Moderate
474,21.8017091325,90.2021812406,2,1.0,3,2.75,2.545821684829744,Moderate
475,21.8017091329,90.2019619879,2,1.0,3,2.75,2.545821684829744,Moderate
476,21.801709133,90.2017427349,2,1.0,3,2.75,2.545821684829744,Moderate
477,21.8017091328,90.2015234821,2,1.0,3,2.75,2.545821684829744,Moderate
478,21.8017091323,90.2013042298,2,1.0,3,2.75,2.545821684829744,Moderate
479,21.801691446,90.2010968301,2,1.0,3,2.75,2.545821684829744,Moderate
480,21.8016621619,90.200994335,2,1.0,3,2.75,2.545821684829744,Moderate
481,21.8016706294,90.2010239716,2,1.0,3,2.75,2.545821684829744,Moderate
482,21.8016991594,90.2011238272,2,1.0,3,2.75,2.545821684829744,Moderate
483,21.8016944194,90.2011072372,2,1.0,3,2.75,2.545821684829744,Moderate
484,21.8016530403,90.2009624092,2,1.0,3,2.75,2.545821684829744,Moderate
485,21.8015997682,90.2007759565,2,1.0,3,2.75,2.545821684829744,Moderate
486,21.8015464959,90.2005895039,2,1.0,3,2.75,2.545821684829744,Moderate
487,21.8014938662,90.2004029368,2,1.0,3,2.75,2.545821684829744,Moderate
488,21.8014833757,90.2002088537,2,1.0,3,2.75,2.545821684829744,Moderate
489,21.801472885,90.2000147711,2,1.0,3,2.75,2.545821684829744,Moderate
490,21.801462394,90.1998206882,2,1.0,3,2.75,2.545821684829744,Moderate
491,21.8014519028,90.1996266057,2,1.0,3,2.75,2.545821684829744,Moderate
492,21.8014414114,90.1994325229,2,1.0,3,2.75,2.545821684829744,Moderate
493,21.8014182752,90.1992406959,2,1.0,3,2.75,2.545821684829744,Moderate
494,21.8013769509,90.1989204323,2,1.0,3,2.75,2.545821684829744,Moderate
495,21.8013273441,90.1985399946,2,1.0,3,2.75,2.545821684829744,Moderate
496,21.801277513,90.198191172,2,1.0,3,2.75,2.545821684829744,Moderate
497,21.8012496854,90.1979963783,2,1.0,3,2.75,2.545821684829744,Moderate
498,21.8012218575,90.1978015847,2,1.0,3,2.75,2.545821684829744,Moderate
499,21.8011974972,90.1976054452,2,1.0,3,2.75,2.545821684829744,Moderate
500,21.8011925301,90.1974017789,2,1.0,3,2.75,2.545821684829744,Moderate
501,21.8011875628,90.1971981132,2,1.0,3,2.75,2.545821684829744,Moderate
502,21.8011825952,90.1969944475,2,1.0,3,2.75,2.545821684829744,Moderate
503,21.8011773265,90.196778446,2,1.0,3,2.75,2.545821684829744,Moderate
504,21.801171971,90.196558902,1,1.0,3,1.75,1.7380133224432248,Low
505,21.8011627832,90.1963451755,1,1.0,3,1.75,1.7380133224432248,Low
506,21.8011535662,90.1961423897,1,1.0,3,2.0,1.8171205928321397,Low
507,21.8011443488,90.1959396034,2,1.0,3,2.25,2.381101577952299,Moderate
508,21.8011351313,90.1957368178,2,1.0,3,2.25,2.381101577952299,Moderate
509,21.8011259135,90.1955340325,2,1.0,3,2.25,2.381101577952299,Moderate
510,21.8011216267,90.195329262,2,1.0,3,2.75,2.545821684829744,Moderate
511,21.801163506,90.195105907,2,1.0,3,2.75,2.545821684829744,Moderate
512,21.8012053851,90.1948825518,2,1.0,3,2.75,2.545821684829744,Moderate
513,21.8012472638,90.1946591966,3,1.0,3,2.75,2.914238341625728,Moderate
514,21.8012929327,90.1944343162,3,1.0,3,2.5,2.823108086643085,Moderate
515,21.8013503343,90.1942047123,4,1.0,3,3.0,3.3019272488946263,High
516,21.8014263412,90.1939006848,5,1.0,3,3.25,3.6530717870314016,High
517,21.8015309832,90.1934216866,5,1.0,3,3.5,3.7444361936092534,High
518,21.8015789001,90.1929425277,5,1.0,3,3.25,3.6530717870314016,High
519,21.8016067875,90.1926636514,5,1.0,3,3.75,3.8315471619677655,High
520,21.8016284661,90.1924343913,5,1.0,3,3.75,3.8315471619677655,High
521,21.8016284666,90.1922170635,5,1.0,3,3.75,3.8315471619677655,High
522,21.8016284665,90.1919997347,5,1.0,3,4.0,3.9148676411688634,High
523,21.8016284665,90.1917824069,4,1.0,3,3.25,3.3912114430141664,High
524,21.8016284662,90.191706038,4,1.0,3,3.25,3.3912114430141664,High
525,21.8016284664,90.1919450797,5,1.0,3,4.0,3.9148676411688634,High
526,21.8016284665,90.192272196,5,1.0,3,3.75,3.8315471619677655,High
527,21.8016284663,90.1923431229,5,1.0,3,3.75,3.8315471619677655,High
528,21.8016284663,90.1921718648,5,1.0,3,3.75,3.8315471619677655,High
529,21.8016284667,90.1919735106,5,1.0,3,4.0,3.9148676411688634,High
530,21.8016284665,90.1917751545,4,1.0,3,3.25,3.3912114430141664,High
531,21.8016284661,90.1915768003,5,1.0,3,3.75,3.8315471619677655,High
532,21.8016306446,90.1913779069,5,1.0,3,3.75,3.8315471619677655,High
533,21.8016365217,90.1911781013,5,1.0,3,3.75,3.8315471619677655,High
534,21.8016423988,90.1909782967,5,1.0,3,4.0,3.9148676411688634,High
535,21.8016482755,90.1907784911,5,1.0,3,3.75,3.8315471619677655,High
536,21.8016541518,90.1905786855,5,1.0,3,3.75,3.8315471619677655,High
537,21.8016446737,90.1904790314,5,1.0,3,3.75,3.8315471619677655,High
538,21.8016512655,90.1906768189,5,1.0,3,3.75,3.8315471619677655,High
539,21.8016378014,90.1911345992,5,1.0,3,4.25,3.994784870227006,High
540,21.8016296146,90.1914129298,5,1.0,3,4.25,3.994784870227006,High
541,21.8016302231,90.1913922335,5,1.0,3,4.25,3.994784870227006,High
542,21.8016358884,90.191199641,5,1.0,3,4.25,3.994784870227006,High
543,21.8016415801,90.1910061278,5,1.0,3,4.0,3.9148676411688634,High
544,21.8016472719,90.1908126136,5,1.0,3,3.75,3.8315471619677655,High
545,21.8016529631,90.1906190995,5,1.0,3,3.75,3.8315471619677655,High
546,21.8016345373,90.1904232809,4,1.0,3,3.25,3.3912114430141664,High
547,21.8015780471,90.1901125835,4,1.0,3,3.25,3.3912114430141664,High
548,21.801498644,90.1896758705,5,1.0,3,4.0,3.9148676411688634,High
549,21.8013734863,90.1892486668,5,1.0,3,3.5,3.7444361936092534,High
550,21.8013348872,90.1890468594,5,1.0,3,3.5,3.7444361936092534,High
551,21.8013413373,90.1888533687,4,1.0,3,3.25,3.3912114430141664,High
552,21.8013477868,90.1886598771,4,1.0,3,3.25,3.3912114430141664,High
553,21.8013539834,90.1882883067,5,1.0,3,3.5,3.7444361936092534,High
554,21.8012139579,90.1878448935,5,2.0,3,3.75,3.8315471619677655,High
555,21.8011265135,90.1874484218,5,2.0,3,4.25,3.994784870227006,High
556,21.8010873778,90.1872592653,5,2.0,3,3.75,3.8315471619677655,High
557,21.8010482413,90.1870701079,5,2.0,3,3.75,3.8315471619677655,High
558,21.8010497369,90.1868743986,5,2.0,3,3.5,3.7444361936092534,High
559,21.8010677708,90.186676023,5,2.0,3,3.5,3.7444361936092534,High
560,21.8010858048,90.1864776474,5,2.0,3,3.5,3.7444361936092534,High
561,21.8010636941,90.1862888274,5,2.0,3,3.5,3.7444361936092534,High
562,21.8010607,90.1862738562,5,2.0,3,3.5,3.7444361936092534,High
563,21.8010838404,90.1864992565,5,2.0,3,3.5,3.7444361936092534,High
564,21.8010653579,90.1867025657,5,2.0,3,3.5,3.7444361936092534,High
565,21.8010703088,90.1866481072,5,2.0,3,3.5,3.7444361936092534,High
566,21.8010878026,90.1864556694,5,2.0,3,3.5,3.7444361936092534,High
567,21.801057849,90.1862596004,5,2.0,3,3.5,3.7444361936092534,High
568,21.8010184915,90.1860628116,5,2.0,3,3.5,3.7444361936092534,High
569,21.8009804134,90.185872422,5,2.0,3,3.5,3.7444361936092534,High
570,21.8009798754,90.1858697309,5,2.0,3,3.5,3.7444361936092534,High
571,21.8010361377,90.1861510433,5,2.0,3,3.5,3.7444361936092534,High
572,21.8010688076,90.1866646191,5,2.0,3,3.5,3.7444361936092534,High
573,21.8010834894,90.1872404722,5,2.0,3,3.75,3.8315471619677655,High
574,21.8012078231,90.1878254656,5,2.0,3,4.25,3.994784870227006,High
575,21.8012855798,90.1880716945,5,2.0,3,3.75,3.8315471619677655,High
576,21.8012127832,90.1878411729,5,2.0,3,4.25,3.994784870227006,High
577,21.8010514217,90.1870854795,5,2.0,3,3.75,3.8315471619677655,High
578,21.8005231372,90.1835175769,1,5.0,4,1.75,1.912931182772389,Low
579,21.8016806291,90.1770013873,5,2.0,3,4.5,4.07162642489236,High
580,21.8012052178,90.175332954,5,2.0,3,4.0,3.9148676411688634,High
581,21.801372962,90.1763980709,5,2.0,3,4.0,3.9148676411688634,High
582,21.8016833267,90.1770045252,5,2.0,3,4.5,4.07162642489236,High
583,21.8017874329,90.177125628,5,2.0,3,4.0,3.9148676411688634,High
584,21.8016759146,90.1769959033,5,2.0,3,4.5,4.07162642489236,High
585,21.8015533145,90.1768532875,5,2.0,3,4.25,3.994784870227006,High
586,21.8014603057,90.1766767393,5,2.0,3,4.25,3.994784870227006,High
587,21.8014028129,90.1764933085,5,2.0,3,4.0,3.9148676411688634,High
588,21.8014650978,90.1766920287,5,2.0,3,4.25,3.994784870227006,High
589,21.8018477505,90.1771957937,5,2.0,3,4.0,3.9148676411688634,High
590,21.8024561738,90.1779178024,5,2.0,3,4.0,3.9148676411688634,High
591,21.8034667351,90.1785139934,5,2.0,3,4.0,3.9148676411688634,High
592,21.8010874051,90.1803536252,5,5.0,4,4.0,4.308869380063767,Very High
593,21.8007988708,90.1810737721,5,6.0,4,4.0,4.308869380063767,Very High
594,21.8006424698,90.1816834922,5,5.0,4,4.0,4.308869380063767,Very High
595,21.8005922941,90.1822605151,5,5.0,4,4.5,4.481404746557164,Very High
596,21.8005480877,90.1828438894,5,5.0,4,4.25,4.396829672158179,Very High
597,21.800525056,90.1834657751,5,5.0,4,3.75,4.217163326508746,Very High
598,21.8004996555,90.1841515414,5,3.0,4,4.0,4.308869380063767,Very High
599,21.8007467494,90.1851423822,5,2.0,3,4.75,4.145672170924849,Very High
600,21.8010025605,90.1859831558,5,2.0,3,4.0,3.9148676411688634,High
601,21.8010326836,90.1861337727,5,2.0,3,4.0,3.9148676411688634,High
602,21.8009660184,90.1858004458,5,2.0,3,4.0,3.9148676411688634,High
603,21.8008473402,90.1854039174,5,2.0,3,4.5,4.07162642489236,High
604,21.8006717295,90.1849473313,5,2.0,3,4.75,4.145672170924849,Very High
605,21.8005087784,90.1839052459,5,5.0,4,4.25,4.396829672158179,Very High
606,21.800839599,90.1809552884,3,6.0,4,3.0,3.3019272488946263,High
607,21.8025560324,90.1779614906,1,2.0,3,2.0,1.8171205928321397,Low
608,21.8021280691,90.1775218797,1,2.0,3,2.0,1.8171205928321397,Low
609,21.8027266941,90.178036155,1,2.0,3,2.0,1.8171205928321397,Low
610,21.8037280609,90.1787335066,5,2.0,3,4.0,3.9148676411688634,High
611,21.804542733,90.1796905899,5,3.0,4,4.25,4.396829672158179,Very High
612,21.8013409544,90.1799623413,2,5.0,4,2.5,2.7144176165949063,Moderate
613,21.80104592,90.1804365949,2,5.0,4,2.5,2.7144176165949063,Moderate
614,21.8008497007,90.1809259022,2,6.0,4,2.5,2.7144176165949063,Moderate
615,21.8006720699,90.1814426447,3,6.0,4,3.0,3.3019272488946263,High
616,21.8006133399,90.1820184914,3,5.0,4,3.0,3.3019272488946263,High
617,21.8005898136,90.1822890423,5,5.0,4,4.0,4.308869380063767,Very High
618,21.8006009571,90.1821608933,3,5.0,4,3.0,3.3019272488946263,High
619,21.8006233499,90.1819033739,3,5.0,4,3.0,3.3019272488946263,High
620,21.8006457426,90.1816458562,3,5.0,4,3.0,3.3019272488946263,High
621,21.8006843476,90.1814069282,3,6.0,4,3.0,3.3019272488946263,High
622,21.800735026,90.1812595013,3,6.0,4,3.0,3.3019272488946263,High
623,21.8006881442,90.1813958839,3,6.0,4,3.0,3.3019272488946263,High
624,21.8006350911,90.1817683501,3,5.0,4,3.0,3.3019272488946263,High
625,21.8020063507,90.1796571931,2,5.0,4,2.5,2.7144176165949063,Moderate
626,21.8014844771,90.1767538589,3,2.0,3,2.75,2.914238341625728,Moderate
627,21.8012112385,90.1758447816,1,1.0,3,2.0,1.8171205928321397,Low
628,21.8012089255,90.175648135,2,1.0,3,2.5,2.46621207433047,Moderate
629,21.8012066124,90.1754514875,2,1.0,3,2.5,2.46621207433047,Moderate
630,21.8012042989,90.17525484,2,2.0,3,2.5,2.46621207433047,Moderate
631,21.8012020019,90.1750595977,2,2.0,3,2.5,2.46621207433047,Moderate
632,21.8012012367,90.1749945733,2,2.0,3,2.5,2.46621207433047,Moderate
633,21.8012028949,90.1751355016,2,2.0,3,2.5,2.46621207433047,Moderate
634,21.8012047698,90.1752948614,2,2.0,3,2.5,2.46621207433047,Moderate
635,21.8012043522,90.1752593733,2,2.0,3,2.5,2.46621207433047,Moderate
636,21.8012021533,90.1750724563,2,2.0,3,2.5,2.46621207433047,Moderate
637,21.8011998744,90.174878794,2,2.0,3,2.5,2.46621207433047,Moderate
638,21.8011985599,90.1746851844,2,1.0,3,2.5,2.46621207433047,Moderate
639,21.801199636,90.1744917048,2,1.0,3,2.5,2.46621207433047,Moderate
640,21.8012007119,90.1742982252,2,1.0,3,2.5,2.46621207433047,Moderate
641,21.8012017875,90.1741047465,2,1.0,3,2.5,2.46621207433047,Moderate
642,21.8012028629,90.173911267,2,1.0,3,2.5,2.46621207433047,Moderate
643,21.801203938,90.1737177884,2,1.0,3,2.5,2.46621207433047,Moderate
644,21.801205013,90.1735243089,3,1.0,3,2.75,2.914238341625728,Moderate
645,21.8012060877,90.1733308294,3,1.0,3,2.75,2.914238341625728,Moderate
646,21.8012071622,90.1731373509,3,1.0,3,2.75,2.914238341625728,Moderate
647,21.8012082364,90.1729438724,3,1.0,3,2.75,2.914238341625728,Moderate
648,21.8012093105,90.1727503921,2,1.0,3,2.5,2.46621207433047,Moderate
649,21.8012103843,90.1725569136,1,1.0,3,2.0,1.8171205928321397,Low
650,21.8012114578,90.1723634352,2,1.0,3,2.75,2.545821684829744,Moderate
651,21.8012223566,90.1721961674,2,1.0,3,2.75,2.545821684829744,Moderate
652,21.8012351013,90.1720471628,2,1.0,3,2.75,2.545821684829744,Moderate
653,21.8012482042,90.1718939649,2,1.0,3,2.25,2.381101577952299,Moderate
654,21.8012646292,90.1717019258,3,1.0,3,2.75,2.914238341625728,Moderate
655,21.8012810929,90.1715094325,4,1.0,3,3.25,3.3912114430141664,High
656,21.8012975564,90.1713169383,4,1.0,3,3.25,3.3912114430141664,High
657,21.8013140197,90.171124445,4,1.0,3,3.0,3.3019272488946263,High
658,21.8013304824,90.1709319507,4,1.0,3,3.0,3.3019272488946263,High
659,21.8013469453,90.1707394564,5,1.0,3,3.5,3.7444361936092534,High
660,21.8013634079,90.1705469621,3,1.0,3,2.75,2.914238341625728,Moderate
661,21.8013798702,90.1703544687,3,1.0,3,2.75,2.914238341625728,Moderate
662,21.8013971244,90.170162042,4,1.0,3,3.0,3.3019272488946263,High
663,21.8014149081,90.1699696618,4,1.0,3,3.0,3.3019272488946263,High
664,21.8014326917,90.1697772806,1,1.0,3,1.5,1.6509636244473134,Low
665,21.801450475,90.1695848994,1,1.0,3,1.5,1.6509636244473134,Low
666,21.8014682585,90.1693925182,1,1.0,3,1.5,1.6509636244473134,Low
667,21.8014860413,90.1692001379,2,1.0,3,2.0,2.2894284851066637,Low
668,21.801503824,90.1690077567,2,1.0,3,2.0,2.2894284851066637,Low
669,21.8015216063,90.1688153763,2,1.0,3,2.0,2.2894284851066637,Low
670,21.801533675,90.16868481,2,1.0,3,2.0,2.2894284851066637,Low
671,21.8015311945,90.1687116442,2,1.0,3,2.0,2.2894284851066637,Low
672,21.8015282068,90.1687439688,2,1.0,3,2.0,2.2894284851066637,Low
673,21.801539452,90.1686259748,2,1.0,3,2.0,2.2894284851066637,Low
674,21.8015586347,90.1684322368,2,1.0,3,2.0,2.2894284851066637,Low
675,21.8015778169,90.1682384979,1,1.0,3,1.5,1.6509636244473134,Low
676,21.8015969992,90.1680447599,1,1.0,3,1.75,1.7380133224432248,Low
677,21.8016161809,90.167851021,1,1.0,3,1.75,1.7380133224432248,Low
678,21.8016353628,90.1676572819,1,1.0,3,1.5,1.6509636244473134,Low
679,21.8016545443,90.1674635438,1,1.0,3,1.25,1.5536162529769293,Very Low
680,21.8016752399,90.1672701867,1,1.0,3,1.5,1.6509636244473134,Low
681,21.8017407016,90.1667683151,1,1.0,3,1.0,1.4422495703074083,Very Low
682,21.8021069392,90.1654172171,2,1.0,3,2.25,2.381101577952299,Moderate
683,21.802336553,90.164034514,2,1.0,3,2.0,2.2894284851066637,Low
684,21.8023233659,90.1641400102,2,1.0,3,2.0,2.2894284851066637,Low
685,21.8022640064,90.1645882474,3,1.0,3,2.5,2.823108086643085,Moderate
686,21.802186743,90.1649960312,3,1.0,3,2.5,2.823108086643085,Moderate
687,21.8021152231,90.1653734972,2,1.0,3,2.25,2.381101577952299,Moderate
688,21.8020590276,90.1656700799,1,1.0,3,1.75,1.7380133224432248,Low
689,21.8020440187,90.1657492923,1,1.0,3,1.75,1.7380133224432248,Low
690,21.8020690827,90.1656170129,1,1.0,3,1.75,1.7380133224432248,Low
691,21.8021050221,90.1654273355,2,1.0,3,2.25,2.381101577952299,Moderate
692,21.8021409613,90.165237658,2,1.0,3,2.25,2.381101577952299,Moderate
693,21.8021768998,90.1650479815,2,1.0,3,2.0,2.2894284851066637,Low
694,21.8022128386,90.1648583029,2,1.0,3,2.0,2.2894284851066637,Low
695,21.8022426583,90.1647009199,2,1.0,3,2.0,2.2894284851066637,Low
696,21.8022635536,90.164590637,2,1.0,3,2.0,2.2894284851066637,Low
697,21.8022814673,90.1644751933,2,1.0,3,2.0,2.2894284851066637,Low
698,21.8023043481,90.1642921512,2,1.0,3,2.5,2.46621207433047,Moderate
699,21.8023286355,90.1640978535,1,1.0,3,1.5,1.6509636244473134,Low
700,21.8023529227,90.1639035548,1,1.0,3,1.5,1.6509636244473134,Low
701,21.8023804597,90.1636832581,1,1.0,3,1.75,1.7380133224432248,Low
702,21.8024321263,90.1633426006,2,1.0,3,2.0,2.2894284851066637,Low
703,21.8024879197,90.1630659626,2,1.0,3,2.0,2.2894284851066637,Low
704,21.8025195255,90.1629092533,2,1.0,3,2.0,2.2894284851066637,Low
705,21.8025563648,90.162726593,2,1.0,3,2.0,2.2894284851066637,Low
706,21.8025944862,90.1625375734,2,1.0,3,2.0,2.2894284851066637,Low
707,21.8026326077,90.1623485536,2,1.0,3,2.5,2.46621207433047,Moderate
708,21.8026707291,90.1621595318,2,1.0,3,2.0,2.2894284851066637,Low
709,21.8027088502,90.1619705118,2,1.0,3,2.0,2.2894284851066637,Low
710,21.8027612609,90.1617852911,2,1.0,3,2.0,2.2894284851066637,Low
711,21.8028332658,90.1616052804,2,1.0,3,2.0,2.2894284851066637,Low
712,21.8029052711,90.1614252685,2,1.0,3,2.0,2.2894284851066637,Low
713,21.8029772756,90.1612452575,2,1.0,3,2.0,2.2894284851066637,Low
714,21.80304928,90.1610652455,1,1.0,3,1.5,1.6509636244473134,Low
715,21.8031212844,90.1608852339,1,1.0,3,1.5,1.6509636244473134,Low
716,21.8031932885,90.1607052216,1,1.0,3,1.5,1.6509636244473134,Low
717,21.8032523026,90.1605217563,1,1.0,3,1.5,1.6509636244473134,Low
718,21.8032845349,90.1603311697,1,1.0,3,1.5,1.6509636244473134,Low
719,21.8033167674,90.1601405828,1,1.0,3,1.5,1.6509636244473134,Low
720,21.8033489993,90.1599499961,1,1.0,3,1.5,1.6509636244473134,Low
721,21.8033812313,90.1597594092,1,1.0,3,1.75,1.7380133224432248,Low
722,21.8034100559,90.1595889677,1,1.0,3,1.75,1.7380133224432248,Low
723,21.8034318011,90.1594603856,1,1.0,3,1.75,1.7380133224432248,Low
724,21.8034536049,90.1593314571,1,1.0,3,1.75,1.7380133224432248,Low
725,21.8034840962,90.159151159,1,1.0,3,1.75,1.7380133224432248,Low
726,21.8035164323,90.1589599492,1,1.0,3,1.75,1.7380133224432248,Low
727,21.8035487683,90.1587687385,1,1.0,3,1.75,1.7380133224432248,Low
728,21.8035924789,90.1585810612,1,1.0,3,1.5,1.6509636244473134,Low
729,21.8036370296,90.1583936438,1,1.0,3,1.5,1.6509636244473134,Low
730,21.80368158,90.1582062272,1,1.0,3,1.5,1.6509636244473134,Low
731,21.8037261302,90.1580188105,1,1.0,3,1.75,1.7380133224432248,Low
732,21.8037706803,90.1578313927,1,1.0,3,1.75,1.7380133224432248,Low
733,21.80381523,90.1576439758,1,1.0,3,1.75,1.7380133224432248,Low
734,21.8038597794,90.1574565588,1,2.0,3,1.75,1.7380133224432248,Low
735,21.8039043288,90.1572691408,1,2.0,3,1.5,1.6509636244473134,Low
736,21.8039890166,90.1569320854,1,3.0,4,1.75,1.912931182772389,Low
737,21.8040897998,90.1565483369,2,3.0,4,2.5,2.7144176165949063,Moderate
738,21.8041775697,90.156214136,1,6.0,4,1.5,1.8171205928321397,Low
739,21.8042268042,90.1560266644,1,6.0,4,1.5,1.8171205928321397,Low
740,21.8042760385,90.1558391927,1,6.0,4,1.5,1.8171205928321397,Low
741,21.8042962746,90.1556469708,1,6.0,4,1.5,1.8171205928321397,Low
742,21.804304538,90.1554527874,1,7.0,5,1.75,2.0606426499042785,Low
743,21.8043121741,90.1552733388,1,7.0,5,1.75,2.0606426499042785,Low
744,21.8043125301,90.1552649707,1,7.0,5,1.75,2.0606426499042785,Low
745,21.8043046164,90.1554509435,1,7.0,5,1.75,2.0606426499042785,Low
746,21.8042986939,90.1555901251,1,7.0,5,1.5,1.9574338205844317,Low
747,21.8043023194,90.1555049283,1,7.0,5,1.75,2.0606426499042785,Low
748,21.8043111192,90.1552981318,1,7.0,5,1.75,2.0606426499042785,Low
749,21.8044069867,90.1547938472,1,7.0,5,1.75,2.0606426499042785,Low
750,21.8045287819,90.154306667,1,7.0,5,1.75,2.0606426499042785,Low
751,21.8046115315,90.1539756661,1,5.0,4,1.75,1.912931182772389,Low
752,21.8046481988,90.1538413271,1,5.0,4,1.75,1.912931182772389,Low
753,21.8046996561,90.1537126853,1,5.0,4,1.75,1.912931182772389,Low
754,21.8047628011,90.1535548229,1,5.0,4,1.5,1.8171205928321397,Low
755,21.804834861,90.1533746721,1,5.0,4,1.5,1.8171205928321397,Low
756,21.8049069211,90.1531945217,1,5.0,4,1.5,1.8171205928321397,Low
757,21.804977994,90.1530141136,1,5.0,4,1.5,1.8171205928321397,Low
758,21.8050457036,90.1528328291,1,5.0,4,1.5,1.8171205928321397,Low
759,21.8051134129,90.1526515437,1,5.0,4,1.5,1.8171205928321397,Low
760,21.8051811217,90.152470259,1,5.0,4,1.5,1.8171205928321397,Low
761,21.8052488303,90.1522889742,1,5.0,4,1.5,1.8171205928321397,Low
762,21.8053165389,90.1521076884,1,5.0,4,1.5,1.8171205928321397,Low
763,21.8053826462,90.1519259856,1,5.0,4,1.5,1.8171205928321397,Low
764,21.805427951,90.1517388617,1,5.0,4,1.5,1.8171205928321397,Low
765,21.8054732551,90.1515517378,1,5.0,4,1.5,1.8171205928321397,Low
766,21.8055185595,90.1513646127,1,5.0,4,1.5,1.8171205928321397,Low
767,21.8055638632,90.1511774886,2,3.0,4,2.25,2.6207413942088964,Moderate
768,21.8056091667,90.1509903635,2,3.0,4,2.25,2.6207413942088964,Moderate
769,21.8056544704,90.150803239,1,3.0,4,1.75,1.912931182772389,Low
770,21.8057237499,90.1504022534,2,4.0,4,2.25,2.6207413942088964,Moderate
771,21.8057897987,90.1499134926,2,4.0,4,2.0,2.5198420997897464,Moderate
772,21.8058720795,90.1494883968,2,3.0,4,2.0,2.5198420997897464,Moderate
773,21.8059242189,90.1492980878,2,3.0,4,2.0,2.5198420997897464,Moderate
774,21.8059763586,90.1491077776,3,3.0,4,2.5,3.1072325059538586,Moderate
775,21.8060284979,90.1489174683,3,3.0,4,2.5,3.1072325059538586,Moderate
776,21.8060806371,90.1487271579,3,4.0,4,2.5,3.1072325059538586,Moderate
777,21.8061599263,90.1485385771,3,4.0,4,3.0,3.3019272488946263,High
778,21.8062467421,90.1483504763,3,4.0,4,3.0,3.3019272488946263,High
779,21.8063266239,90.1481773985,3,3.0,4,2.5,3.1072325059538586,Moderate
780,21.8063249784,90.148180964,3,3.0,4,2.5,3.1072325059538586,Moderate
781,21.8063001063,90.1482348537,3,3.0,4,2.5,3.1072325059538586,Moderate
782,21.8063146499,90.148203342,3,3.0,4,2.5,3.1072325059538586,Moderate
783,21.8063962332,90.1480265775,3,2.0,3,2.5,2.823108086643085,Moderate
784,21.8064589156,90.1478427763,3,2.0,3,2.5,2.823108086643085,Moderate
785,21.8065158428,90.1476577639,3,2.0,3,2.5,2.823108086643085,Moderate
786,21.8065727695,90.1474727524,3,2.0,3,2.5,2.823108086643085,Moderate
787,21.8066296966,90.1472877396,3,2.0,3,2.5,2.823108086643085,Moderate
788,21.8066708994,90.1470994225,3,2.0,3,2.5,2.823108086643085,Moderate
789,21.8067120945,90.1469111025,2,2.0,3,2.25,2.381101577952299,Moderate
790,21.8067532896,90.1467227832,3,2.0,3,2.75,2.914238341625728,Moderate
791,21.8067944843,90.146534463,3,2.0,3,2.5,2.823108086643085,Moderate
792,21.8068375385,90.146346535,3,2.0,3,2.5,2.823108086643085,Moderate
793,21.8068830531,90.1461591236,3,2.0,3,2.5,2.823108086643085,Moderate
794,21.8069285676,90.1459717112,3,2.0,3,2.5,2.823108086643085,Moderate
795,21.8069740817,90.1457842996,3,2.0,3,3.0,3.0,Moderate
796,21.8070195956,90.1455968879,3,2.0,3,3.0,3.0,Moderate
797,21.8070669351,90.1454225309,3,3.0,4,3.0,3.3019272488946263,High
798,21.8071093904,90.1452904489,3,3.0,4,3.0,3.3019272488946263,High
799,21.807151727,90.1451587348,3,3.0,4,3.0,3.3019272488946263,High
800,21.8072062432,90.144989129,3,3.0,4,3.0,3.3019272488946263,High
801,21.8072653448,90.1448052557,3,4.0,4,2.75,3.207534329995826,High
802,21.8072961501,90.144614551,3,4.0,4,3.0,3.3019272488946263,High
803,21.8073087377,90.1444194482,3,4.0,4,2.75,3.207534329995826,High
804,21.807321325,90.1442243453,3,4.0,4,2.75,3.207534329995826,High
805,21.8073339118,90.1440292426,4,4.0,4,3.25,3.7325111568172478,High
806,21.8073681281,90.1438393613,4,4.0,4,3.25,3.7325111568172478,High
807,21.8074450845,90.1436597971,3,4.0,4,2.75,3.207534329995826,High
808,21.8075177768,90.1434901825,3,4.0,4,2.75,3.207534329995826,High
809,21.8075280753,90.1434661528,3,4.0,4,2.75,3.207534329995826,High
810,21.807527683,90.1434670682,3,4.0,4,2.75,3.207534329995826,High
811,21.8075591752,90.1433935861,3,4.0,4,2.75,3.207534329995826,High
812,21.8076349266,90.1432168321,3,4.0,4,2.75,3.207534329995826,High
813,21.8077106778,90.1430400779,3,2.0,3,3.0,3.0,Moderate
814,21.8077710551,90.1428578745,3,2.0,3,3.0,3.0,Moderate
815,21.8078182848,90.1426710109,3,2.0,3,3.0,3.0,Moderate
816,21.8078655146,90.1424841472,4,4.0,4,3.25,3.7325111568172478,High
817,21.8079127439,90.1422972835,4,3.0,4,3.25,3.7325111568172478,High
818,21.8079599729,90.1421104197,4,3.0,4,3.25,3.7325111568172478,High
819,21.8080072023,90.1419235547,3,3.0,4,2.75,3.207534329995826,High
820,21.8080544309,90.1417366907,4,3.0,4,3.25,3.7325111568172478,High
821,21.8081087904,90.1415523546,4,3.0,4,3.25,3.7325111568172478,High
822,21.8081632081,90.1413680377,5,3.0,4,3.5,4.121285299808556,Very High
823,21.8082176259,90.1411837214,5,5.0,4,3.5,4.121285299808556,Very High
824,21.8082720431,90.1409994052,5,5.0,4,3.5,4.121285299808556,Very High
825,21.8083383219,90.1407749114,5,5.0,4,3.75,4.217163326508746,Very High
826,21.8084134647,90.1405203928,5,5.0,4,3.75,4.217163326508746,Very High
827,21.808487461,90.1402709425,5,5.0,4,3.75,4.217163326508746,Very High
828,21.80854301,90.1400869386,5,5.0,4,3.5,4.121285299808556,Very High
829,21.8085985593,90.1399029335,5,5.0,4,3.5,4.121285299808556,Very High
830,21.8086541079,90.1397189294,5,5.0,4,4.25,4.396829672158179,Very High
831,21.8087096568,90.1395349241,5,5.0,4,3.75,4.217163326508746,Very High
832,21.8087652049,90.1393509198,5,7.0,5,3.75,4.542801482080349,Very High
833,21.8088207533,90.1391669142,5,7.0,5,3.75,4.542801482080349,Very High
834,21.8088763011,90.1389829087,5,7.0,5,3.75,4.542801482080349,Very High
835,21.8089334899,90.1387994135,5,7.0,5,3.75,4.542801482080349,Very High
836,21.808992071,90.1386163498,5,7.0,5,3.75,4.542801482080349,Very High
837,21.8090506517,90.1384332869,5,7.0,5,4.0,4.641588833612778,Very High
838,21.8091092324,90.1382502229,5,7.0,5,4.0,4.641588833612778,Very High
839,21.8091488704,90.1381263546,5,7.0,5,3.75,4.542801482080349,Very High
840,21.8091767588,90.1380392028,5,7.0,5,3.75,4.542801482080349,Very High
841,21.8092087505,90.1379392289,5,7.0,5,3.75,4.542801482080349,Very High
842,21.8092667831,90.1377578757,5,7.0,5,3.75,4.542801482080349,Very High
843,21.8093252957,90.1375750205,5,7.0,5,3.75,4.542801482080349,Very High
844,21.8093775133,90.1373898369,5,7.0,5,3.75,4.542801482080349,Very High
845,21.8094289133,90.1372043515,5,3.0,4,3.75,4.217163326508746,Very High
846,21.8094803137,90.137018864,5,3.0,4,3.75,4.217163326508746,Very High
847,21.8095317132,90.1368333783,4,3.0,4,3.25,3.7325111568172478,High
848,21.8095813254,90.1366543418,4,5.0,4,3.25,3.7325111568172478,High
849,21.8096257312,90.1364940919,4,3.0,4,3.25,3.7325111568172478,High
850,21.8096697477,90.1363335981,4,3.0,4,3.25,3.7325111568172478,High
851,21.8097187607,90.1361538859,5,3.0,4,3.5,4.121285299808556,Very High
852,21.8097694596,90.1359679913,5,3.0,4,3.5,4.121285299808556,Very High
853,21.8098201583,90.1357820965,4,3.0,4,3.25,3.7325111568172478,High
854,21.8098708568,90.1355962016,4,3.0,4,3.25,3.7325111568172478,High
855,21.8099215548,90.1354103059,5,3.0,4,3.75,4.217163326508746,Very High
856,21.8099734031,90.1352248547,5,3.0,4,3.75,4.217163326508746,Very High
857,21.8100310786,90.135041652,5,3.0,4,3.5,4.121285299808556,Very High
858,21.8100887544,90.1348584489,5,3.0,4,3.5,4.121285299808556,Very High
859,21.81014643,90.1346752448,5,3.0,4,3.5,4.121285299808556,Very High
860,21.8102041049,90.1344920417,5,3.0,4,3.5,4.121285299808556,Very High
861,21.81026178,90.1343088383,5,3.0,4,3.5,4.121285299808556,Very High
862,21.8103194545,90.134125635,5,3.0,4,4.0,4.308869380063767,Very High
863,21.8103771293,90.1339424304,5,3.0,4,3.75,4.217163326508746,Very High
864,21.8104790314,90.1335071222,5,5.0,4,3.25,4.020725758589058,High
865,21.8105689937,90.1330483177,5,7.0,5,3.25,4.331195526704514,Very High
866,21.8106365547,90.1327037543,5,7.0,5,3.75,4.542801482080349,Very High
867,21.8106736465,90.1325145842,5,7.0,5,3.25,4.331195526704514,Very High
868,21.8107146247,90.1323262723,4,7.0,5,3.0,3.9148676411688634,High
869,21.8107586308,90.1321386268,4,3.0,4,3.0,3.634241185664279,High
870,21.8108026366,90.1319509812,5,3.0,4,3.5,4.121285299808556,Very High
871,21.8108466421,90.1317633364,5,3.0,4,3.5,4.121285299808556,Very High
872,21.8108906473,90.1315756916,5,3.0,4,3.5,4.121285299808556,Very High
873,21.8109346521,90.1313880459,5,3.0,4,3.25,4.020725758589058,High
874,21.8109744526,90.1312183297,5,3.0,4,3.25,4.020725758589058,High
875,21.8109667011,90.1312513837,5,3.0,4,3.25,4.020725758589058,High
876,21.8109250906,90.1314288178,5,3.0,4,3.75,4.217163326508746,Very High
877,21.8109059915,90.1315102615,5,3.0,4,3.75,4.217163326508746,Very High
878,21.8109406587,90.1313624339,5,3.0,4,3.25,4.020725758589058,High
879,21.8109851248,90.1311728212,5,3.0,4,3.25,4.020725758589058,High
880,21.811029591,90.1309832067,4,3.0,4,3.0,3.634241185664279,High
881,21.8110817978,90.1307970644,4,3.0,4,3.0,3.634241185664279,High
882,21.8111386016,90.1306129821,3,3.0,4,2.75,3.207534329995826,High
883,21.8111954051,90.1304288998,3,5.0,4,2.75,3.207534329995826,High
884,21.8112522088,90.1302448171,3,5.0,4,2.75,3.207534329995826,High
885,21.8113090119,90.1300607345,4,5.0,4,3.0,3.634241185664279,High
886,21.8113658151,90.1298766515,5,5.0,4,3.25,4.020725758589058,High
887,21.8114226178,90.1296925687,5,5.0,4,3.25,4.020725758589058,High
888,21.8114794202,90.1295084857,4,4.0,4,3.0,3.634241185664279,High
889,21.8115362226,90.1293244033,3,4.0,4,2.75,3.207534329995826,High
890,21.8115930248,90.1291403192,3,4.0,4,2.75,3.207534329995826,High
891,21.8116498265,90.1289562358,3,5.0,4,2.75,3.207534329995826,High
892,21.8117055049,90.1287757937,3,5.0,4,2.75,3.207534329995826,High
893,21.8117587448,90.1286032523,3,5.0,4,2.75,3.207534329995826,High
894,21.8118162708,90.1284325796,5,5.0,4,3.25,4.020725758589058,High
895,21.8118784473,90.1282532816,5,5.0,4,3.25,4.020725758589058,High
896,21.8119413555,90.1280718741,3,7.0,5,2.75,3.455211615005592,High
897,21.8120042629,90.1278904674,4,7.0,5,3.0,3.9148676411688634,High
898,21.8120671708,90.1277090587,4,7.0,5,3.0,3.9148676411688634,High
899,21.8121300784,90.1275276507,5,7.0,5,3.75,4.542801482080349,Very High
900,21.8121929851,90.1273462436,5,7.0,5,3.75,4.542801482080349,Very High
901,21.8122558922,90.1271648353,5,9.0,5,3.75,4.542801482080349,Very High
902,21.8123187988,90.1269834262,5,9.0,5,3.25,4.331195526704514,Very High
903,21.812379353,90.1268009441,5,9.0,5,3.25,4.331195526704514,Very High
904,21.8124375543,90.1266173871,5,9.0,5,3.75,4.542801482080349,Very High
905,21.8124957556,90.1264338307,5,9.0,5,3.75,4.542801482080349,Very High
906,21.8125539568,90.1262502732,5,12.0,5,3.25,4.331195526704514,Very High
907,21.8126121577,90.1260667165,5,12.0,5,3.25,4.331195526704514,Very High
908,21.8126762051,90.1258647192,5,12.0,5,3.75,4.542801482080349,Very High
909,21.8127813349,90.125587012,5,13.0,5,3.75,4.542801482080349,Very High
910,21.8128919178,90.1253112932,5,13.0,5,3.5,4.439520008713004,Very High
911,21.8129757962,90.1251021565,5,13.0,5,3.5,4.439520008713004,Very High
912,21.8130471693,90.1249241985,5,13.0,5,3.25,4.331195526704514,Very High
913,21.813118542,90.1247462412,4,15.0,5,3.0,3.9148676411688634,High
914,21.8131899151,90.1245682826,4,13.0,5,3.0,3.9148676411688634,High
915,21.8132571292,90.1243887349,4,13.0,5,3.0,3.9148676411688634,High
916,21.8133233244,90.1242087975,5,13.0,5,3.25,4.331195526704514,Very High
917,21.8133895188,90.1240288611,5,16.0,5,3.25,4.331195526704514,Very High
918,21.8134557136,90.1238489234,5,16.0,5,3.25,4.331195526704514,Very High
919,21.8135219081,90.1236689856,5,16.0,5,3.25,4.331195526704514,Very High
920,21.8135881023,90.1234890485,5,16.0,5,3.25,4.331195526704514,Very High
921,21.8136542965,90.1233091104,5,16.0,5,3.75,4.542801482080349,Very High
922,21.8137108653,90.1231254922,3,16.0,5,2.75,3.455211615005592,High
923,21.8137608303,90.1229393505,3,16.0,5,2.75,3.455211615005592,High
924,21.8138107951,90.1227532088,3,12.0,5,2.75,3.455211615005592,High
925,21.8138607593,90.1225670671,4,12.0,5,3.0,3.9148676411688634,High
926,21.8139084803,90.1223892823,4,12.0,5,3.0,3.9148676411688634,High
927,21.8139254822,90.1223259425,4,12.0,5,3.0,3.9148676411688634,High
928,21.8139378536,90.1222798518,4,12.0,5,3.0,3.9148676411688634,High
929,21.8139668519,90.1221718187,4,8.0,5,3.0,3.9148676411688634,High
930,21.8140172401,90.1219840945,5,8.0,5,3.75,4.542801482080349,Very High
931,21.8140675856,90.1217963496,4,8.0,5,3.0,3.9148676411688634,High
932,21.8141179238,90.1216086019,4,8.0,5,3.0,3.9148676411688634,High
933,21.8141682623,90.121420853,4,8.0,5,3.0,3.9148676411688634,High
934,21.8142186002,90.1212331041,3,9.0,5,2.75,3.455211615005592,High
935,21.8142689382,90.1210453559,2,9.0,5,2.25,2.823108086643085,Moderate
936,21.8143483542,90.1208716706,2,9.0,5,2.25,2.823108086643085,Moderate
937,21.8144301712,90.1206991453,3,9.0,5,2.75,3.455211615005592,High
938,21.8145119879,90.1205266198,3,16.0,5,2.75,3.455211615005592,High
939,21.8145938045,90.120354094,3,16.0,5,2.75,3.455211615005592,High
940,21.8146313947,90.1202748272,3,16.0,5,2.75,3.455211615005592,High
941,21.8146324508,90.1202726001,3,16.0,5,2.75,3.455211615005592,High
942,21.8146440181,90.1202482088,3,16.0,5,2.75,3.455211615005592,High
943,21.8147194271,90.1200891927,3,10.0,5,2.75,3.455211615005592,High
944,21.8148013277,90.119916488,2,10.0,5,2.25,2.823108086643085,Moderate
945,21.8148832279,90.119743784,2,10.0,5,2.25,2.823108086643085,Moderate
946,21.814962871,90.1195696491,2,11.0,5,2.25,2.823108086643085,Moderate
947,21.8150422706,90.1193953591,2,11.0,5,2.25,2.823108086643085,Moderate
948,21.8151216696,90.1192210692,3,11.0,5,2.75,3.455211615005592,High
949,21.8152010691,90.1190467781,3,11.0,5,2.5,3.3471647504108475,High
950,21.8152804676,90.1188724879,3,15.0,5,2.5,3.3471647504108475,High
951,21.8153598658,90.1186981983,3,15.0,5,2.75,3.455211615005592,High
952,21.8154617272,90.1184696478,2,15.0,5,2.25,2.823108086643085,Moderate
953,21.8156083057,90.1181102965,3,10.0,5,2.5,3.3471647504108475,High
954,21.8157540427,90.1177530058,3,10.0,5,2.75,3.455211615005592,High
955,21.8158411188,90.1175395275,3,10.0,5,2.75,3.455211615005592,High
956,21.8159143451,90.1173628511,3,10.0,5,2.5,3.3471647504108475,High
957,21.8159878968,90.1171863273,2,10.0,5,2.25,2.823108086643085,Moderate
958,21.8160614487,90.1170098032,2,5.0,4,2.25,2.6207413942088964,Moderate
959,21.816135,90.1168332791,2,5.0,4,2.25,2.6207413942088964,Moderate
960,21.816206898,90.116655975,3,5.0,4,2.5,3.1072325059538586,Moderate
961,21.8162712718,90.1164751164,3,5.0,4,2.5,3.1072325059538586,Moderate
962,21.8163703639,90.1161967146,2,5.0,4,2.25,2.6207413942088964,Moderate
963,21.8164830078,90.1158835802,2,5.0,4,2.25,2.6207413942088964,Moderate
964,21.81660822,90.1156096812,2,8.0,5,2.25,2.823108086643085,Moderate
965,21.8166882275,90.1154346649,2,8.0,5,2.25,2.823108086643085,Moderate
966,21.8167682352,90.1152596483,3,8.0,5,2.5,3.3471647504108475,High
967,21.8168482422,90.1150846317,3,8.0,5,2.5,3.3471647504108475,High
968,21.8169256788,90.1149086764,3,12.0,5,2.5,3.3471647504108475,High
969,21.8169956042,90.1147299804,4,12.0,5,3.0,3.9148676411688634,High
970,21.8170655296,90.1145512833,3,12.0,5,2.5,3.3471647504108475,High
971,21.8171354545,90.114372587,3,12.0,5,2.5,3.3471647504108475,High
972,21.8172053795,90.1141938896,3,8.0,5,2.5,3.3471647504108475,High
973,21.817275304,90.114015193,3,8.0,5,2.75,3.455211615005592,High
974,21.8173445675,90.1138381848,4,8.0,5,3.0,3.9148676411688634,High
975,21.8173624248,90.1137925487,4,8.0,5,3.0,3.9148676411688634,High
976,21.8173125276,90.1139200646,4,8.0,5,3.0,3.9148676411688634,High
977,21.8172724658,90.1140224459,5,8.0,5,3.25,4.331195526704514,Very High
978,21.817309714,90.1139272558,4,8.0,5,3.0,3.9148676411688634,High
979,21.8173801016,90.1137473743,3,12.0,5,2.5,3.3471647504108475,High
980,21.817451532,90.1135681464,2,12.0,5,2.25,2.823108086643085,Moderate
981,21.8175231703,90.1133890505,2,12.0,5,2.25,2.823108086643085,Moderate
982,21.8175948083,90.1132099553,2,12.0,5,2.25,2.823108086643085,Moderate
983,21.8176664467,90.1130308588,2,12.0,5,2.25,2.823108086643085,Moderate
984,21.817747786,90.1128578558,3,12.0,5,2.5,3.3471647504108475,High
985,21.8178488965,90.112697269,3,14.0,5,2.5,3.3471647504108475,High
986,21.8179500065,90.1125366827,4,14.0,5,3.0,3.9148676411688634,High
987,21.8180511158,90.1123760965,4,14.0,5,3.0,3.9148676411688634,High
988,21.8181522257,90.1122155091,3,14.0,5,2.5,3.3471647504108475,High
989,21.8182743344,90.1120691592,3,8.0,5,2.5,3.3471647504108475,High
990,21.8183842133,90.1119455455,2,8.0,5,2.5,2.924017738212866,Moderate
991,21.8184932483,90.1118228812,5,8.0,5,3.25,4.331195526704514,Very High
992,21.818613873,90.1116915536,5,8.0,5,3.25,4.331195526704514,Very High
993,21.8187739465,90.1115695934,4,8.0,5,3.0,3.9148676411688634,High
994,21.8189340208,90.111447632,4,9.0,5,3.0,3.9148676411688634,High
995,21.8190940947,90.1113256709,3,8.0,5,2.75,3.455211615005592,High
996,21.8192240887,90.1111841084,4,8.0,5,3.0,3.9148676411688634,High
997,21.8193292523,90.1110263627,4,8.0,5,3.0,3.9148676411688634,High
998,21.8194344152,90.1108686184,4,8.0,5,3.0,3.9148676411688634,High
999,21.8195330907,90.1107066455,5,8.0,5,3.25,4.331195526704514,Very High
1000,21.8196317067,90.110544634,5,11.0,5,3.25,4.331195526704514,Very High
1001,21.8197303225,90.1103826222,5,11.0,5,3.25,4.331195526704514,Very High
1002,21.8198209976,90.1102154349,4,11.0,5,3.0,3.9148676411688634,High
1003,21.8198739068,90.1100236384,4,11.0,5,3.0,3.9148676411688634,High
1004,21.8199849907,90.1097126945,5,13.0,5,3.75,4.542801482080349,Very High
1005,21.8201227121,90.1094059511,3,13.0,5,2.75,3.455211615005592,High
1006,21.8202445292,90.1091591285,3,13.0,5,2.75,3.455211615005592,High
1007,21.8203564736,90.1090030853,3,13.0,5,2.75,3.455211615005592,High
1008,21.8204684184,90.1088470416,3,17.0,5,2.75,3.455211615005592,High
1009,21.8205803628,90.1086909972,5,17.0,5,3.25,4.331195526704514,Very High
1010,21.8206935733,90.1085356374,5,10.0,5,3.25,4.331195526704514,Very High
1011,21.8208097485,90.1083818772,5,10.0,5,3.25,4.331195526704514,Very High
1012,21.8209259235,90.1082281155,5,10.0,5,3.25,4.331195526704514,Very High
1013,21.8210420984,90.1080743548,5,13.0,5,3.75,4.542801482080349,Very High
1014,21.8211245156,90.1079465146,5,13.0,5,4.25,4.736341185929548,Very High
1015,21.8211541568,90.1078427706,5,13.0,5,4.25,4.736341185929548,Very High
1016,21.8211854644,90.1077331931,5,13.0,5,3.75,4.542801482080349,Very High
1017,21.8212369557,90.1075529735,5,13.0,5,3.75,4.542801482080349,Very High
1018,21.8213020772,90.1073704544,5,13.0,5,3.75,4.542801482080349,Very High
1019,21.8213995672,90.1072073818,3,13.0,5,2.5,3.3471647504108475,High
1020,21.8214970567,90.1070443097,3,13.0,5,2.5,3.3471647504108475,High
1021,21.8215945463,90.1068812366,2,11.0,5,2.0,2.7144176165949063,Moderate
1022,21.8216920357,90.1067181633,3,11.0,5,2.5,3.3471647504108475,High
1023,21.8217895246,90.1065550906,3,11.0,5,2.5,3.3471647504108475,High
1024,21.8218870136,90.1063920169,2,11.0,5,2.25,2.823108086643085,Moderate
1025,21.8219845022,90.1062289438,2,18.0,5,2.25,2.823108086643085,Moderate
1026,21.8220818418,90.1060657806,3,18.0,5,3.0,3.5568933044900626,High
1027,21.8221791078,90.1059025726,2,18.0,5,2.5,2.924017738212866,Moderate
1028,21.8222550712,90.1057751094,2,17.0,5,2.5,2.924017738212866,Moderate
1029,21.8223251822,90.1056574663,2,17.0,5,2.5,2.924017738212866,Moderate
1030,21.8224030162,90.1055268638,2,17.0,5,2.5,2.924017738212866,Moderate
1031,21.8225001658,90.1053638498,2,17.0,5,2.5,2.924017738212866,Moderate
1032,21.8225973159,90.1052008345,2,17.0,5,2.5,2.924017738212866,Moderate
1033,21.8226944655,90.1050378197,4,17.0,5,3.25,4.020725758589058,High
1034,21.8227916147,90.1048748042,4,17.0,5,3.25,4.020725758589058,High
1035,21.8228919428,90.1047138228,3,17.0,5,2.75,3.455211615005592,High
1036,21.822993005,90.1045533129,2,15.0,5,2.5,2.924017738212866,Moderate
1037,21.8230940676,90.1043928025,2,15.0,5,2.5,2.924017738212866,Moderate
1038,21.82319513,90.1042322919,3,15.0,5,2.75,3.455211615005592,High
1039,21.8232961916,90.1040717814,3,15.0,5,2.75,3.455211615005592,High
1040,21.8233972537,90.1039112704,3,15.0,5,3.0,3.5568933044900626,High
1041,21.8234984034,90.1037508155,3,10.0,5,3.0,3.5568933044900626,High
1042,21.8235631761,90.1036523619,3,10.0,5,3.0,3.5568933044900626,High
1043,21.8235727755,90.1036377713,3,10.0,5,3.0,3.5568933044900626,High
1044,21.8235908012,90.1036103724,3,10.0,5,3.0,3.5568933044900626,High
1045,21.823678607,90.1034769085,3,10.0,5,3.0,3.5568933044900626,High
1046,21.8237825769,90.1033188748,4,10.0,5,3.25,4.020725758589058,High
1047,21.8238865467,90.1031608409,4,10.0,5,3.25,4.020725758589058,High
1048,21.8239905163,90.1030028067,3,8.0,5,3.0,3.5568933044900626,High
1049,21.8240944852,90.1028447726,3,8.0,5,2.75,3.455211615005592,High
1050,21.8241983052,90.1026866221,3,8.0,5,2.75,3.455211615005592,High
1051,21.8243017689,90.1025281952,2,8.0,5,2.5,2.924017738212866,Moderate
1052,21.824405232,90.1023697683,3,8.0,5,2.75,3.455211615005592,High
1053,21.8245086948,90.1022113413,3,9.0,5,2.75,3.455211615005592,High
1054,21.824612158,90.1020529137,3,9.0,5,2.75,3.455211615005592,High
1055,21.824707034,90.1019076337,3,9.0,5,2.75,3.455211615005592,High
1056,21.8247789758,90.1017974729,3,6.0,4,3.0,3.3019272488946263,High
1057,21.8248509705,90.10168723,3,6.0,4,3.0,3.3019272488946263,High
1058,21.824947353,90.1015396431,3,6.0,4,3.0,3.3019272488946263,High
1059,21.8250530464,90.1013828314,3,8.0,5,3.0,3.5568933044900626,High
1060,21.8251663337,90.1012322799,3,8.0,5,2.75,3.455211615005592,High
1061,21.8252796209,90.1010817281,3,8.0,5,2.75,3.455211615005592,High
1062,21.8253929085,90.1009311759,3,8.0,5,2.75,3.455211615005592,High
1063,21.825506195,90.1007806244,2,8.0,5,2.5,2.924017738212866,Moderate
1064,21.8256194823,90.1006300717,2,8.0,5,2.5,2.924017738212866,Moderate
1065,21.8257327685,90.1004795197,2,8.0,5,2.5,2.924017738212866,Moderate
1066,21.8258460549,90.1003289669,2,8.0,5,2.5,2.924017738212866,Moderate
1067,21.8258925312,90.1002672017,2,8.0,5,2.5,2.924017738212866,Moderate
1068,21.8258371894,90.1003407489,2,8.0,5,2.5,2.924017738212866,Moderate
1069,21.8257936158,90.1003986564,2,8.0,5,2.5,2.924017738212866,Moderate
1070,21.825872594,90.1002936974,2,8.0,5,2.5,2.924017738212866,Moderate
1071,21.8259867265,90.1001420199,3,8.0,5,3.0,3.5568933044900626,High
1072,21.8260992371,90.099988548,3,8.0,5,3.0,3.5568933044900626,High
1073,21.8262097362,90.0998328467,3,8.0,5,3.0,3.5568933044900626,High
1074,21.8263202348,90.0996771459,4,8.0,5,3.25,4.020725758589058,High
1075,21.8264307335,90.0995214442,3,6.0,4,3.0,3.3019272488946263,High
1076,21.8265412318,90.0993657429,3,6.0,4,2.75,3.207534329995826,High
1077,21.8266517308,90.0992100403,3,6.0,4,2.75,3.207534329995826,High
1078,21.826762229,90.0990543379,2,6.0,4,2.25,2.6207413942088964,Moderate
1079,21.8272702689,90.0983327442,2,8.0,5,2.0,2.7144176165949063,Moderate
1080,21.8282906812,90.0970016534,3,11.0,5,2.5,3.3471647504108475,High
1081,21.8294480763,90.0957413459,4,28.0,5,3.25,4.020725758589058,High
1082,21.829047725,90.0961607604,4,11.0,5,3.25,4.020725758589058,High
1083,21.8286473522,90.0965940271,2,11.0,5,2.5,2.924017738212866,Moderate
1084,21.828306512,90.0969835611,3,11.0,5,3.0,3.5568933044900626,High
1085,21.8279903582,90.0973448791,4,11.0,5,3.25,4.020725758589058,High
1086,21.8277060322,90.0976698202,3,9.0,5,3.0,3.5568933044900626,High
1087,21.8275858474,90.097839653,3,9.0,5,3.0,3.5568933044900626,High
1088,21.8276163778,90.0977919491,3,9.0,5,3.0,3.5568933044900626,High
1089,21.827732042,90.097640095,3,9.0,5,3.0,3.5568933044900626,High
1090,21.8278560463,90.0974983772,4,9.0,5,3.25,4.020725758589058,High
1091,21.82798005,90.0973566597,4,11.0,5,3.25,4.020725758589058,High
1092,21.8281040541,90.0972149415,3,11.0,5,3.0,3.5568933044900626,High
1093,21.8282280581,90.0970732228,3,11.0,5,3.0,3.5568933044900626,High
1094,21.8283520611,90.0969315048,2,11.0,5,2.5,2.924017738212866,Moderate
1095,21.8284760643,90.0967897862,2,11.0,5,2.0,2.7144176165949063,Moderate
1096,21.8286000674,90.0966480673,2,11.0,5,2.0,2.7144176165949063,Moderate
1097,21.8287240704,90.0965063482,2,11.0,5,2.0,2.7144176165949063,Moderate
1098,21.8288504069,90.0963674726,3,11.0,5,2.5,3.3471647504108475,High
1099,21.8289796221,90.0962321057,3,11.0,5,2.5,3.3471647504108475,High
1100,21.8290240994,90.0961855108,2,11.0,5,2.25,2.823108086643085,Moderate
1101,21.8289260027,90.0962882779,3,11.0,5,2.5,3.3471647504108475,High
1102,21.8288324608,90.096386273,3,11.0,5,2.5,3.3471647504108475,High
1103,21.8288914023,90.0963245255,3,11.0,5,2.5,3.3471647504108475,High
1104,21.829024291,90.0961853101,2,11.0,5,2.25,2.823108086643085,Moderate
1105,21.8291571799,90.096046094,2,16.0,5,2.25,2.823108086643085,Moderate
1106,21.8292900693,90.0959068769,2,28.0,5,2.25,2.823108086643085,Moderate
1107,21.8294229576,90.0957676606,2,28.0,5,2.25,2.823108086643085,Moderate
1108,21.8295558465,90.0956284437,3,28.0,5,2.5,3.3471647504108475,High
1109,21.8296887348,90.0954892262,3,12.0,5,2.5,3.3471647504108475,High
1110,21.8298216234,90.0953500088,2,12.0,5,2.25,2.823108086643085,Moderate
1111,21.8299548246,90.0952113604,2,12.0,5,2.25,2.823108086643085,Moderate
1112,21.8300889889,90.0950744596,2,12.0,5,2.25,2.823108086643085,Moderate
1113,21.8302567372,90.0949032892,3,12.0,5,3.0,3.5568933044900626,High
1114,21.8306103948,90.0945424156,2,10.0,5,2.0,2.7144176165949063,Moderate
1115,21.8309565475,90.0941891969,2,10.0,5,2.0,2.7144176165949063,Moderate
1116,21.8311616178,90.0939799389,2,10.0,5,2.0,2.7144176165949063,Moderate
1117,21.8312953825,90.093850115,1,10.0,5,1.75,2.0606426499042785,Low
1118,21.831433521,90.0937256218,1,10.0,5,1.75,2.0606426499042785,Low
1119,21.8315716591,90.0936011291,1,11.0,5,1.75,2.0606426499042785,Low
1120,21.8317097979,90.0934766358,1,11.0,5,1.75,2.0606426499042785,Low
1121,21.8318479357,90.0933521425,1,8.0,5,1.5,1.9574338205844317,Low
1122,21.8319860735,90.093227649,1,8.0,5,1.5,1.9574338205844317,Low
1123,21.8321242118,90.0931031549,1,8.0,5,1.5,1.9574338205844317,Low
1124,21.8322623496,90.0929786603,1,8.0,5,1.5,1.9574338205844317,Low
1125,21.8324004869,90.092854166,1,8.0,5,1.75,2.0606426499042785,Low
1126,21.8326381287,90.0926399946,3,7.0,5,2.75,3.455211615005592,High
1127,21.8329060454,90.0923985364,3,7.0,5,2.75,3.455211615005592,High
1128,21.8331401557,90.0921875452,4,7.0,5,3.25,4.020725758589058,High
1129,21.8332794102,90.0920620418,5,7.0,5,3.25,4.331195526704514,Very High
1130,21.833418725,90.0919365976,5,7.0,5,3.5,4.439520008713004,Very High
1131,21.8335645241,90.0918175297,5,8.0,5,3.25,4.331195526704514,Very High
1132,21.8337103236,90.0916984618,5,8.0,5,3.25,4.331195526704514,Very High
1133,21.8338561232,90.0915793931,5,8.0,5,3.25,4.331195526704514,Very High
1134,21.8340019226,90.0914603241,5,8.0,5,3.25,4.331195526704514,Very High
1135,21.8341477217,90.0913412555,5,7.0,5,3.25,4.331195526704514,Very High
1136,21.834260574,90.0912490928,5,7.0,5,3.5,4.439520008713004,Very High
1137,21.834206408,90.0912933284,5,7.0,5,3.25,4.331195526704514,Very High
1138,21.8340036185,90.0914589392,5,8.0,5,3.25,4.331195526704514,Very High
1139,21.8338915026,90.0915505004,5,8.0,5,3.25,4.331195526704514,Very High
1140,21.8339577338,90.0914964116,5,8.0,5,3.25,4.331195526704514,Very High
1141,21.8341019102,90.0913786678,5,7.0,5,3.25,4.331195526704514,Very High
1142,21.8342460862,90.0912609245,5,7.0,5,3.5,4.439520008713004,Very High
1143,21.8343902624,90.0911431803,5,7.0,5,3.5,4.439520008713004,Very High
1144,21.8345344382,90.0910254364,5,7.0,5,3.5,4.439520008713004,Very High
1145,21.8346786141,90.0909076917,5,7.0,5,3.75,4.542801482080349,Very High
1146,21.834822789,90.0907899477,5,5.0,4,3.75,4.217163326508746,Very High
1147,21.8349669647,90.0906722025,5,5.0,4,3.75,4.217163326508746,Very High
1148,21.8351734533,90.0905139181,5,5.0,4,3.75,4.217163326508746,Very High
1149,21.8354607569,90.0903001118,5,5.0,4,3.25,4.020725758589058,High
1150,21.8357483138,90.0900861163,5,4.0,4,3.25,4.020725758589058,High
1151,21.8359064713,90.0899684171,5,4.0,4,3.25,4.020725758589058,High
1152,21.8360549133,90.0898579477,5,4.0,4,3.25,4.020725758589058,High
1153,21.8362032449,90.0897473245,5,4.0,4,3.25,4.020725758589058,High
1154,21.8363506838,90.089635475,5,3.0,4,3.25,4.020725758589058,High
1155,21.8364981235,90.0895236243,5,3.0,4,3.25,4.020725758589058,High
1156,21.8366455629,90.089411774,5,3.0,4,3.25,4.020725758589058,High
1157,21.8367930022,90.0892999234,3,3.0,4,3.0,3.3019272488946263,High
1158,21.8369404417,90.0891880721,5,8.0,5,3.5,4.439520008713004,Very High
1159,21.8371045867,90.0890992193,5,8.0,5,3.5,4.439520008713004,Very High
1160,21.8372723441,90.0890153412,5,7.0,5,3.75,4.542801482080349,Very High
1161,21.8374401024,90.0889314622,5,7.0,5,3.75,4.542801482080349,Very High
1162,21.8376078599,90.0888475833,5,7.0,5,3.25,4.331195526704514,Very High
1163,21.8377756189,90.0887637036,3,7.0,5,3.0,3.5568933044900626,High
1164,21.8379420789,90.0886780382,3,7.0,5,3.0,3.5568933044900626,High
1165,21.8380849061,90.088559837,3,7.0,5,3.0,3.5568933044900626,High
1166,21.8381822102,90.0884793095,3,7.0,5,3.0,3.5568933044900626,High
1167,21.8381026613,90.0885451428,3,7.0,5,3.0,3.5568933044900626,High
1168,21.8379074271,90.0886977991,3,7.0,5,3.0,3.5568933044900626,High
1169,21.837832654,90.0887351859,3,7.0,5,3.0,3.5568933044900626,High
1170,21.8379533231,90.0886687325,3,7.0,5,3.0,3.5568933044900626,High
1171,21.8381003472,90.0885470582,3,7.0,5,3.0,3.5568933044900626,High
1172,21.8382473703,90.0884253844,3,7.0,5,3.0,3.5568933044900626,High
1173,21.8383943936,90.0883037094,3,7.0,5,3.0,3.5568933044900626,High
1174,21.8385414165,90.0881820352,5,7.0,5,3.25,4.331195526704514,Very High
1175,21.8386884394,90.0880603601,5,7.0,5,3.25,4.331195526704514,Very High
1176,21.838845343,90.0879624897,5,7.0,5,3.5,4.439520008713004,Very High
1177,21.839004366,90.0878697266,5,7.0,5,3.5,4.439520008713004,Very High
1178,21.8391633897,90.087776963,5,9.0,5,3.5,4.439520008713004,Very High
1179,21.8393224125,90.0876841995,5,9.0,5,4.0,4.641588833612778,Very High
1180,21.8394814353,90.0875914357,5,9.0,5,4.0,4.641588833612778,Very High
1181,21.8396374704,90.0875004145,5,9.0,5,3.25,4.331195526704514,Very High
1182,21.8397701751,90.0874171517,5,9.0,5,3.25,4.331195526704514,Very High
1183,21.8399021448,90.0873313717,5,9.0,5,3.25,4.331195526704514,Very High
1184,21.8400490814,90.0872358629,5,9.0,5,3.75,4.542801482080349,Very High
1185,21.8402050004,90.0871345155,4,9.0,5,3.25,4.020725758589058,High
1186,21.8403510681,90.0870083013,4,8.0,5,3.0,3.9148676411688634,High
1187,21.840496074,90.0868794074,2,8.0,5,2.5,2.924017738212866,Moderate
1188,21.8406410798,90.0867505132,2,8.0,5,2.5,2.924017738212866,Moderate
1189,21.8407946694,90.0866432846,2,8.0,5,2.5,2.924017738212866,Moderate
1190,21.8409548679,90.0865527378,2,8.0,5,2.5,2.924017738212866,Moderate
1191,21.8411150663,90.0864621907,3,8.0,5,2.75,3.455211615005592,High
1192,21.8412752646,90.0863716434,3,8.0,5,2.75,3.455211615005592,High
1193,21.8414335798,90.0862763424,3,8.0,5,2.75,3.455211615005592,High
1194,21.841591105,90.086179048,3,8.0,5,2.75,3.455211615005592,High
1195,21.8417486294,90.0860817537,4,8.0,5,3.0,3.9148676411688634,High
1196,21.8418510099,90.0860185183,4,8.0,5,3.0,3.9148676411688634,High
1197,21.8418948203,90.0859914593,4,8.0,5,3.0,3.9148676411688634,High
1198,21.8419536268,90.0859551374,4,8.0,5,3.0,3.9148676411688634,High
1199,21.8420973318,90.0858663782,2,8.0,5,2.5,2.924017738212866,Moderate
1200,21.8422590746,90.0857737677,2,8.0,5,2.5,2.924017738212866,Moderate
1201,21.8424334805,90.0857231338,2,3.0,4,2.5,2.7144176165949063,Moderate
1202,21.8426078872,90.0856724997,2,3.0,4,2.5,2.7144176165949063,Moderate
1203,21.8427822939,90.0856218653,3,3.0,4,2.75,3.207534329995826,High
1204,21.8429567006,90.0855712309,2,3.0,4,2.5,2.7144176165949063,Moderate
1205,21.8431290813,90.0855138834,2,3.0,4,2.5,2.7144176165949063,Moderate
1206,21.8432976744,90.0854439795,3,3.0,4,2.75,3.207534329995826,High
1207,21.8434662669,90.0853740754,3,3.0,4,2.75,3.207534329995826,High
1208,21.8436348599,90.0853041712,3,3.0,4,2.75,3.207534329995826,High
1209,21.843803453,90.0852342669,4,3.0,4,3.0,3.634241185664279,High
1210,21.8439720459,90.0851643623,4,3.0,4,3.0,3.634241185664279,High
1211,21.8441406381,90.0850944574,2,3.0,4,2.5,2.7144176165949063,Moderate
1212,21.8443122724,90.0850346337,3,3.0,4,2.75,3.207534329995826,High
1213,21.8444120673,90.0850013689,3,3.0,4,2.75,3.207534329995826,High
1214,21.8444063613,90.0850032708,3,3.0,4,2.75,3.207534329995826,High
1215,21.8444135202,90.0850008845,3,3.0,4,2.75,3.207534329995826,High
1216,21.8445431623,90.0849576705,2,3.0,4,2.5,2.7144176165949063,Moderate
1217,21.8447168372,90.0848997787,2,3.0,4,2.75,2.802039330655387,Moderate
1218,21.8448905131,90.0848418866,1,3.0,4,2.0,2.0,Low
1219,21.845064188,90.0847839944,1,3.0,4,2.0,2.0,Low
1220,21.8452382927,90.0847286689,1,3.0,4,2.0,2.0,Low
1221,21.8454127366,90.0846753669,2,3.0,4,2.25,2.6207413942088964,Moderate
1222,21.8455871813,90.0846220646,2,3.0,4,2.25,2.6207413942088964,Moderate
1223,21.8457616251,90.0845687622,2,3.0,4,2.25,2.6207413942088964,Moderate
1224,21.8459360697,90.0845154596,1,3.0,4,2.0,2.0,Low
1225,21.8461105053,90.0844621106,2,3.0,4,2.5,2.7144176165949063,Moderate
1226,21.8462841801,90.0844042194,2,3.0,4,2.5,2.7144176165949063,Moderate
1227,21.8464578555,90.0843463283,2,3.0,4,2.5,2.7144176165949063,Moderate
1228,21.846631531,90.0842884366,1,3.0,4,2.0,2.0,Low
1229,21.846804066,90.0842309248,1,3.0,4,2.0,2.0,Low
1230,21.8468743825,90.0842074859,1,4.0,4,2.0,2.0,Low
1231,21.846827227,90.0842232043,1,3.0,4,2.0,2.0,Low
1232,21.8468079083,90.084229644,1,3.0,4,2.0,2.0,Low
1233,21.8469435424,90.0841844322,1,4.0,4,2.0,2.0,Low
1234,21.8471240357,90.0841242676,2,4.0,4,2.5,2.7144176165949063,Moderate
1235,21.847304528,90.0840896064,2,4.0,4,2.5,2.7144176165949063,Moderate
1236,21.8474850207,90.0840607272,1,4.0,4,2.0,2.0,Low
1237,21.8476655133,90.084031848,1,4.0,4,2.0,2.0,Low
1238,21.8478460053,90.0839968085,1,4.0,4,2.0,2.0,Low
1239,21.8480264983,90.0839001165,1,4.0,4,2.0,2.0,Low
1240,21.8482069912,90.0838034241,1,4.0,4,2.0,2.0,Low
1241,21.848387484,90.0837067315,1,4.0,4,2.0,2.0,Low
1242,21.8485679768,90.0836100387,1,4.0,4,2.0,2.0,Low
1243,21.8487484694,90.0835583295,1,4.0,4,2.0,2.0,Low
1244,21.8489289614,90.0835105519,1,4.0,4,2.0,2.0,Low
1245,21.8491094542,90.0834627745,3,4.0,4,3.0,3.3019272488946263,High
1246,21.8492899456,90.083414997,3,4.0,4,3.0,3.3019272488946263,High
1247,21.8494704379,90.0833672192,3,4.0,4,3.0,3.3019272488946263,High
1248,21.8496509276,90.0833417611,3,4.0,4,3.0,3.3019272488946263,High
1249,21.8498314164,90.0833201026,3,4.0,4,3.0,3.3019272488946263,High
1250,21.8500119079,90.0832984438,3,4.0,4,3.0,3.3019272488946263,High
1251,21.8501923999,90.0832767848,3,4.0,4,3.0,3.3019272488946263,High
1252,21.8503728918,90.0832551257,3,4.0,4,3.0,3.3019272488946263,High
1253,21.8505533838,90.0832334665,3,4.0,4,3.0,3.3019272488946263,High
1254,21.8507338753,90.0832118074,3,4.0,4,3.0,3.3019272488946263,High
1255,21.8509143672,90.083198938,3,4.0,4,3.0,3.3019272488946263,High
1256,21.851094859,90.083198938,3,4.0,4,3.0,3.3019272488946263,High
1257,21.8512753508,90.0831989384,3,4.0,4,3.0,3.3019272488946263,High
1258,21.8514558425,90.0831989384,3,4.0,4,3.0,3.3019272488946263,High
1259,21.8516363343,90.0831989383,3,4.0,4,3.0,3.3019272488946263,High
1260,21.8518168261,90.0831989387,3,4.0,4,3.0,3.3019272488946263,High
1261,21.8519973178,90.0831989386,3,4.0,4,3.0,3.3019272488946263,High
1262,21.8521778096,90.0832037348,3,4.0,4,3.0,3.3019272488946263,High
1263,21.8523583012,90.0832225357,3,4.0,4,3.0,3.3019272488946263,High
1264,21.8525280199,90.0832402144,3,4.0,4,3.0,3.3019272488946263,High
1265,21.8525931749,90.0832470017,3,2.0,3,3.0,3.0,Moderate
1266,21.8525333869,90.0832407735,3,4.0,4,3.0,3.3019272488946263,High
1267,21.8524802499,90.0832352385,3,4.0,4,3.0,3.3019272488946263,High
1268,21.8525545626,90.0832429796,3,2.0,3,3.0,3.0,Moderate
1269,21.8527302759,90.0832612829,3,2.0,3,3.0,3.0,Moderate
1270,21.8529137525,90.0832803949,3,2.0,3,3.0,3.0,Moderate
1271,21.8530972298,90.0832995071,3,2.0,3,3.0,3.0,Moderate
1272,21.8532807062,90.0833186192,3,2.0,3,3.0,3.0,Moderate
1273,21.8534640714,90.0833381142,3,2.0,3,3.0,3.0,Moderate
1274,21.8536470601,90.0833589083,3,2.0,3,3.0,3.0,Moderate
1275,21.8538300478,90.0833797024,3,2.0,3,3.0,3.0,Moderate
1276,21.8540130368,90.0834004966,3,2.0,3,3.0,3.0,Moderate
1277,21.8541960302,90.0834212913,3,2.0,3,3.0,3.0,Moderate
1278,21.8543967333,90.0834440986,3,2.0,3,3.0,3.0,Moderate
1279,21.8545967628,90.0834668293,3,2.0,3,3.0,3.0,Moderate
1280,21.8547921839,90.0834716328,3,2.0,3,3.0,3.0,Moderate
1281,21.8549789521,90.0834754445,3,2.0,3,3.0,3.0,Moderate
1282,21.85516572,90.0834792561,3,2.0,3,3.0,3.0,Moderate
1283,21.855352488,90.0834830677,3,2.0,3,3.0,3.0,Moderate
1284,21.855539256,90.0834868793,3,2.0,3,3.0,3.0,Moderate
1285,21.8557260238,90.0834906909,3,2.0,3,3.0,3.0,Moderate
1286,21.8559127918,90.0834945024,3,2.0,3,3.0,3.0,Moderate
1287,21.8560795436,90.0835729614,3,2.0,3,3.0,3.0,Moderate
1288,21.856245133,90.0836557559,3,2.0,3,3.0,3.0,Moderate
1289,21.8564107229,90.0837385509,3,2.0,3,3.0,3.0,Moderate
1290,21.8565763126,90.083821346,3,3.0,4,3.0,3.3019272488946263,High
1291,21.8567425075,90.0839018818,3,3.0,4,3.0,3.3019272488946263,High
1292,21.8569163163,90.0839540243,3,3.0,4,3.0,3.3019272488946263,High
1293,21.8570901246,90.0840061667,3,3.0,4,3.0,3.3019272488946263,High
1294,21.8572223484,90.0840458338,3,3.0,4,3.0,3.3019272488946263,High
1295,21.8572701314,90.0840601687,3,3.0,4,3.0,3.3019272488946263,High
1296,21.8573088439,90.0840717825,3,3.0,4,3.0,3.3019272488946263,High
1297,21.8574270783,90.0841072529,3,3.0,4,3.0,3.3019272488946263,High
1298,21.8576041941,90.0841603878,3,3.0,4,3.0,3.3019272488946263,High
1299,21.8577823885,90.0842138465,3,3.0,4,3.0,3.3019272488946263,High
1300,21.8579615618,90.084265365,3,3.0,4,3.0,3.3019272488946263,High
1301,21.8581408786,90.0843165981,3,3.0,4,3.0,3.3019272488946263,High
1302,21.85847756,90.0844127926,3,3.0,4,3.0,3.3019272488946263,High
1303,21.8589200901,90.0844539074,3,3.0,4,3.0,3.3019272488946263,High
1304,21.8593171489,90.0844737605,3,3.0,4,3.0,3.3019272488946263,High
1305,21.8594974447,90.0844827754,3,3.0,4,3.0,3.3019272488946263,High
1306,21.8596777405,90.0844917902,3,3.0,4,3.0,3.3019272488946263,High
1307,21.8598580359,90.0845008051,3,3.0,4,3.0,3.3019272488946263,High
1308,21.8600353859,90.0845096726,3,3.0,4,3.0,3.3019272488946263,High
1309,21.8602093648,90.0845188459,3,3.0,4,3.0,3.3019272488946263,High
1310,21.8603832837,90.0845297158,3,3.0,4,3.0,3.3019272488946263,High
1311,21.8605632443,90.0845409633,3,3.0,4,3.0,3.3019272488946263,High
1312,21.8607434296,90.0845522249,3,3.0,4,3.0,3.3019272488946263,High
1313,21.8609236149,90.0845634865,3,3.0,4,3.0,3.3019272488946263,High
1314,21.8611038005,90.0845747481,3,3.0,4,3.0,3.3019272488946263,High
1315,21.861283986,90.0845860097,3,3.0,4,3.0,3.3019272488946263,High
1316,21.8614641712,90.0845972713,3,3.0,4,3.0,3.3019272488946263,High
1317,21.8616443567,90.0846085328,3,3.0,4,3.0,3.3019272488946263,High
1318,21.861813018,90.0846190742,3,3.0,4,3.0,3.3019272488946263,High
1319,21.8619780712,90.084631947,3,3.0,4,3.0,3.3019272488946263,High
1320,21.8621470006,90.0846475404,3,3.0,4,3.0,3.3019272488946263,High
1321,21.862326826,90.0846641396,3,3.0,4,3.0,3.3019272488946263,High
1322,21.8625066514,90.0846807388,3,3.0,4,3.0,3.3019272488946263,High
1323,21.8626864771,90.084697338,3,3.0,4,3.0,3.3019272488946263,High
1324,21.8628663024,90.0847139373,3,3.0,4,3.0,3.3019272488946263,High
1325,21.8630461278,90.0847305365,3,3.0,4,3.0,3.3019272488946263,High
1326,21.8632259534,90.0847471358,3,3.0,4,3.0,3.3019272488946263,High
1327,21.8634057788,90.0847637351,3,3.0,4,3.0,3.3019272488946263,High
1328,21.8635533415,90.0847773563,3,3.0,4,3.0,3.3019272488946263,High
1329,21.8636290341,90.0847843433,3,3.0,4,3.0,3.3019272488946263,High
1330,21.8636400386,90.0847853591,3,3.0,4,3.0,3.3019272488946263,High
1331,21.8636490251,90.084791136,3,3.0,4,3.0,3.3019272488946263,High
1332,21.8637132818,90.0848324437,3,3.0,4,3.0,3.3019272488946263,High
1333,21.8638394334,90.0849135407,3,3.0,4,3.0,3.3019272488946263,High
1334,21.8639941988,90.0850130325,3,3.0,4,3.0,3.3019272488946263,High
1335,21.8641489637,90.0851125241,3,4.0,4,3.0,3.3019272488946263,High
1336,21.8642896849,90.0852029879,3,4.0,4,3.0,3.3019272488946263,High
1337,21.8643717671,90.0852557552,3,4.0,4,3.0,3.3019272488946263,High
1338,21.8644055863,90.0852833907,3,4.0,4,3.0,3.3019272488946263,High
1339,21.8644662928,90.0853506594,3,4.0,4,3.0,3.3019272488946263,High
1340,21.8645760995,90.0854723364,3,4.0,4,3.0,3.3019272488946263,High
1341,21.8647015529,90.0856113516,3,4.0,4,3.0,3.3019272488946263,High
1342,21.8648270061,90.085750367,3,4.0,4,3.0,3.3019272488946263,High
1343,21.8649524593,90.0858893829,3,4.0,4,3.0,3.3019272488946263,High
1344,21.8650779125,90.086028399,3,4.0,4,3.0,3.3019272488946263,High
1345,21.8652033654,90.0861674151,3,4.0,4,3.0,3.3019272488946263,High
1346,21.8653135607,90.0862895244,3,4.0,4,3.0,3.3019272488946263,High
1347,21.8653747645,90.0863573454,3,4.0,4,3.0,3.3019272488946263,High
1348,21.8653930961,90.0863828736,3,4.0,4,3.0,3.3019272488946263,High
1349,21.8654282211,90.0864563159,3,4.0,4,3.0,3.3019272488946263,High
1350,21.8654962109,90.0865984751,3,4.0,4,3.0,3.3019272488946263,High
1351,21.8655785142,90.0867705629,3,4.0,4,3.0,3.3019272488946263,High
1352,21.8656608174,90.0869426507,3,4.0,4,3.0,3.3019272488946263,High
1353,21.8657431204,90.087114739,3,4.0,4,3.0,3.3019272488946263,High
1354,21.8658254232,90.0872868272,3,4.0,4,3.0,3.3019272488946263,High
1355,21.865905351,90.0874539501,3,4.0,4,3.0,3.3019272488946263,High
1356,21.8659586818,90.087565461,3,4.0,4,3.0,3.3019272488946263,High
1357,21.8659791002,90.0876081544,3,4.0,4,3.0,3.3019272488946263,High
1358,21.865984455,90.0876444733,3,4.0,4,3.0,3.3019272488946263,High
1359,21.866000483,90.0877566679,3,4.0,4,3.0,3.3019272488946263,High
1360,21.8660262417,90.0879369785,3,4.0,4,3.0,3.3019272488946263,High
1361,21.866051159,90.088111401,3,4.0,4,3.0,3.3019272488946263,High
1370,21.8599871014,90.0845072582,5,3.0,4,5.0,4.641588833612778,Very High
1371,21.8596441719,90.0844901119,5,3.0,4,3.5,4.121285299808556,Very High
1372,21.8593012432,90.084472965,3,3.0,4,3.0,3.3019272488946263,High
1373,21.8589583145,90.0844558186,3,3.0,4,3.0,3.3019272488946263,High
